date,idm,n_active_instruments
2020-02-10,1.0,4
2020-02-11,1.0,4
2020-02-12,1.0,4
2020-02-13,1.0,4
2020-02-14,1.0,4
2020-02-15,1.0,4
2020-02-16,1.0,4
2020-02-17,1.0,4
2020-02-18,1.0,4
2020-02-19,1.0,4
2020-02-20,1.814173391513508,4
2020-02-21,1.7886777876325708,4
2020-02-22,1.6522409051548341,4
2020-02-23,1.6316061581583876,4
2020-02-24,1.641374114764638,4
2020-02-25,1.6337950519636675,4
2020-02-26,1.8285563940913085,4
2020-02-27,1.6207660550141334,4
2020-02-28,1.5321995272254638,4
2020-02-29,1.03588168051833,4
2020-03-01,1.0430326040127804,4
2020-03-02,1.0393523763161598,4
2020-03-03,1.042146681627196,4
2020-03-04,1.043665018312444,4
2020-03-05,1.049969199154711,4
2020-03-06,1.0449774663016482,4
2020-03-07,1.126199948618192,4
2020-03-08,1.0283556918871328,4
2020-03-09,1.0333114366092926,4
2020-03-10,1.0348868434702592,4
2020-03-11,1.0375282960375516,4
2020-03-12,1.0118428309186847,4
2020-03-13,1.0094642546499988,4
2020-03-14,1.010280873980328,4
2020-03-15,1.0108569266558116,4
2020-03-16,1.0107712510280276,4
2020-03-17,1.0112951214387054,4
2020-03-18,1.0113898089304927,4
2020-03-19,1.0108025625510046,4
2020-03-20,1.0118785055719661,4
2020-03-21,1.0120771121343812,4
2020-03-22,1.0118466108449304,4
2020-03-23,1.0119564306530497,4
2020-03-24,1.0122927010493477,4
2020-03-25,1.012373431589144,4
2020-03-26,1.0157359702936988,4
2020-03-27,1.0163281309971988,4
2020-03-28,1.0167452145321318,4
2020-03-29,1.016751465074598,4
2020-03-30,1.016810968153561,4
2020-03-31,1.0170044577975095,4
2020-04-01,1.0169672094082567,4
2020-04-02,1.0170809957516398,4
2020-04-03,1.0175698705874614,4
2020-04-04,1.017596416463863,4
2020-04-05,1.0175368646467042,4
2020-04-06,1.0198309025592756,4
2020-04-07,1.0195722047904503,4
2020-04-08,1.0192019010120783,4
2020-04-09,1.0133698061982677,4
2020-04-10,1.0155998453428112,4
2020-04-11,1.2197883230591358,4
2020-04-12,1.190208678836869,4
2020-04-13,1.4237898899233852,4
2020-04-14,4.455369101475597,4
2020-04-15,6.071940129898401,4
2020-04-16,1.2577002277628138,4
2020-04-17,1.1690239821106028,4
2020-04-18,1.0168931338310385,4
2020-04-19,1.01803233683342,4
2020-04-20,1.08755055186774,4
2020-04-21,1.1740843494840483,4
2020-04-22,1.1402489772996578,4
2020-04-23,1.0655047224439762,4
2020-04-24,1.0233125172438433,4
2020-04-25,1.0242605284744668,4
2020-04-26,1.024874831155658,4
2020-04-27,1.0253036810662288,4
2020-04-28,1.0318721578710333,4
2020-04-29,1.0373894208894368,4
2020-04-30,1.0382976799077102,4
2020-05-01,1.0385881356593811,4
2020-05-02,1.0397484973968574,4
2020-05-03,1.0401504490680582,4
2020-05-04,1.0404784601936194,4
2020-05-05,1.041398791680728,4
2020-05-06,1.0432405281874981,4
2020-05-07,1.0455736202990942,4
2020-05-08,1.0463992441759193,4
2020-05-09,1.045677186759974,4
2020-05-10,1.0396866729135197,4
2020-05-11,1.0369911130885745,4
2020-05-12,1.0345636648812822,4
2020-05-13,1.034697993470711,4
2020-05-14,1.0370932353769875,4
2020-05-15,1.0340428243179558,4
2020-05-16,1.0326608288272343,4
2020-05-17,1.0319729982321757,4
2020-05-18,1.0343589039611656,4
2020-05-19,1.0363813392645354,4
2020-05-20,1.0363683188747341,4
2020-05-21,1.0317273222812726,4
2020-05-22,1.0336262583424352,4
2020-05-23,1.0321244115807187,4
2020-05-24,1.0593512074838909,4
2020-05-25,1.1065444892200669,4
2020-05-26,1.1982702432424661,4
2020-05-27,1.1881835566453585,4
2020-05-28,1.125310675253393,4
2020-05-29,1.1090469622202754,4
2020-05-30,1.0373863335316647,4
2020-05-31,1.03790035626548,4
2020-06-01,1.0401413056102125,4
2020-06-02,1.0389010162219317,4
2020-06-03,1.039724923086416,4
2020-06-04,1.0408172666048883,4
2020-06-05,1.0414775513281633,4
2020-06-06,1.0417515580115715,4
2020-06-07,1.0420782871066678,4
2020-06-08,1.0421332010622997,4
2020-06-09,1.0417374578262049,4
2020-06-10,1.0417115042876346,4
2020-06-11,1.087538260764985,4
2020-06-12,1.1935120650572522,4
2020-06-13,1.3065125609337558,4
2020-06-14,1.437770909937407,4
2020-06-15,1.4487352481635563,4
2020-06-16,1.5281150237519812,4
2020-06-17,1.713697996901471,4
2020-06-18,2.046474030463149,4
2020-06-19,2.8113503157159596,4
2020-06-20,3.575184888664543,4
2020-06-21,4.960147845760264,4
2020-06-22,4.610532175697138,4
2020-06-23,4.72664560396418,4
2020-06-24,5.534621322441066,4
2020-06-25,4.448800481385736,4
2020-06-26,3.2198997062078525,4
2020-06-27,1.9858138232618834,4
2020-06-28,1.6903409907197535,4
2020-06-29,1.5934879977510106,4
2020-06-30,1.4506927922886503,4
2020-07-01,1.472907255592001,4
2020-07-02,1.4047342138094507,4
2020-07-03,1.3334402265526426,4
2020-07-04,1.335544813329493,4
2020-07-05,1.316802898954106,4
2020-07-06,1.6048581518674245,4
2020-07-07,1.8820390450376905,4
2020-07-08,5.037244403741432,4
2020-07-09,3.509486859302035,4
2020-07-10,1.3399515579406105,4
2020-07-11,1.0299004770477131,4
2020-07-12,1.0521118761483643,4
2020-07-13,1.055941888716892,4
2020-07-14,1.0628114111849243,4
2020-07-15,1.065200535964759,4
2020-07-16,1.1044144528622009,4
2020-07-17,1.1652812315041334,4
2020-07-18,1.1923623715177387,4
2020-07-19,1.1800970454309474,4
2020-07-20,1.233927989033403,4
2020-07-21,1.0786500208324556,4
2020-07-22,1.0912338817936718,4
2020-07-23,1.0904652626296114,4
2020-07-24,1.0868264382333173,4
2020-07-25,1.0911466942933554,4
2020-07-26,1.1036503448821262,4
2020-07-27,1.1199659438539367,4
2020-07-28,1.1317736762396355,4
2020-07-29,1.150695216565484,4
2020-07-30,1.1602871177519436,4
2020-07-31,1.1557629357403156,4
2020-08-01,1.1406969155569353,4
2020-08-02,1.1380978962225583,4
2020-08-03,1.1366416198021756,4
2020-08-04,1.1392618938817245,4
2020-08-05,1.1374293230608497,4
2020-08-06,1.1389913345200504,4
2020-08-07,1.1384174646653953,4
2020-08-08,1.1382976579798636,4
2020-08-09,1.136998374813132,4
2020-08-10,1.1366165013549958,4
2020-08-11,1.12875313926208,4
2020-08-12,1.1303604165626022,4
2020-08-13,1.1375468130514534,4
2020-08-14,1.146959681897307,4
2020-08-15,1.1473080024393527,4
2020-08-16,1.1475818288308857,4
2020-08-17,1.1529824408961207,4
2020-08-18,1.1498917915458124,4
2020-08-19,1.1459503772163715,4
2020-08-20,1.1445072694446579,4
2020-08-21,1.1350982569094092,4
2020-08-22,1.1356642410228714,4
2020-08-23,1.13614830299414,4
2020-08-24,1.1370728645429435,4
2020-08-25,1.1251364318173749,4
2020-08-26,1.1270003466673724,4
2020-08-27,1.140194396250906,4
2020-08-28,1.1394632978378998,4
2020-08-29,1.1410875106751717,4
2020-08-30,1.1374994390677826,4
2020-08-31,1.1369254135434614,4
2020-09-01,1.1246939528620137,4
2020-09-02,1.1251457232505584,4
2020-09-03,1.0562011999832395,4
2020-09-04,1.0604825561291324,4
2020-09-05,1.066431042103604,4
2020-09-06,1.0893244400738022,4
2020-09-07,1.2328858778726566,4
2020-09-08,1.4758836333224217,4
2020-09-09,1.6024711581781554,4
2020-09-10,1.620080812463073,4
2020-09-11,1.5739926074201196,4
2020-09-12,1.5208009919360346,4
2020-09-13,1.5969045272358573,4
2020-09-14,1.359212488360268,4
2020-09-15,1.1502198885936983,4
2020-09-16,1.1792116931253358,4
2020-09-17,1.1934322964457473,4
2020-09-18,1.19491099796533,4
2020-09-19,1.1903570143149924,4
2020-09-20,1.1824041021101477,4
2020-09-21,1.151148683785022,4
2020-09-22,1.2846568911828982,4
2020-09-23,1.6995096624651396,4
2020-09-24,1.663410422475162,4
2020-09-25,1.4620280460115083,4
2020-09-26,1.4741634554961802,4
2020-09-27,1.3795195219035374,4
2020-09-28,1.362532495286869,4
2020-09-29,1.258938368023987,4
2020-09-30,1.251249365870076,4
2020-10-01,1.3029842446149056,4
2020-10-02,1.4048046767299232,4
2020-10-03,1.497509127757448,4
2020-10-04,1.2312113762882455,4
2020-10-05,1.137613946151899,4
2020-10-06,1.1363420677449454,4
2020-10-07,1.1414117675701627,4
2020-10-08,1.152693316615922,4
2020-10-09,1.1553574434876779,4
2020-10-10,1.1562641512602534,4
2020-10-11,1.14615787109108,4
2020-10-12,1.134336562571645,4
2020-10-13,1.1392038325525493,4
2020-10-14,1.1365700403944219,4
2020-10-15,1.1340997201781085,4
2020-10-16,1.1263730784255515,4
2020-10-17,1.1239025145796728,4
2020-10-18,1.1199420154558162,4
2020-10-19,1.1226931286694726,4
2020-10-20,1.1151262761450595,4
2020-10-21,1.1343224065590556,4
2020-10-22,1.1250034383610859,4
2020-10-23,1.128822841574695,4
2020-10-24,1.133479641382244,4
2020-10-25,1.1315210546261938,4
2020-10-26,1.138382768658342,4
2020-10-27,1.1499827866519563,4
2020-10-28,1.13904202203958,4
2020-10-29,1.1336800407989271,4
2020-10-30,1.1170812468692863,4
2020-10-31,1.1021667327971327,4
2020-11-01,1.1711868741038662,4
2020-11-02,1.285598861437209,4
2020-11-03,1.3202564797952763,4
2020-11-04,1.4519261499944638,4
2020-11-05,1.5487440383188367,4
2020-11-06,1.337603992306526,4
2020-11-07,1.5970471284516554,4
2020-11-08,1.4464454311829342,4
2020-11-09,1.4555738960119409,4
2020-11-10,1.4781591793562368,4
2020-11-11,1.4806842722015134,4
2020-11-12,1.4704789887997918,4
2020-11-13,1.4322679450617581,4
2020-11-14,1.4402859279199942,4
2020-11-15,1.3988597697269671,4
2020-11-16,1.3772084273808625,4
2020-11-17,1.360802382693983,4
2020-11-18,1.4103000727301502,4
2020-11-19,1.3952602271569579,4
2020-11-20,1.3385204329096023,4
2020-11-21,1.3919583435535936,4
2020-11-22,1.424347183619312,4
2020-11-23,1.3212589015586818,4
2020-11-24,1.1790612161369711,4
2020-11-25,1.2309445548169446,4
2020-11-26,1.418866490989893,4
2020-11-27,1.4763218002359133,4
2020-11-28,1.3449115703223935,4
2020-11-29,1.223172463424329,4
2020-11-30,1.1386643617646526,4
2020-12-01,1.1526409962225064,4
2020-12-02,1.1484507893797864,4
2020-12-03,1.1613219896087308,4
2020-12-04,1.193245497880879,4
2020-12-05,1.174699484958857,4
2020-12-06,1.1332639468484147,4
2020-12-07,1.135819869329137,4
2020-12-08,1.1264712391371117,4
2020-12-09,1.138007005688342,4
2020-12-10,1.162625753951386,4
2020-12-11,1.194050048890569,4
2020-12-12,1.2020925459270984,4
2020-12-13,1.193807568192581,4
2020-12-14,1.158078420151769,4
2020-12-15,1.1203460770198368,4
2020-12-16,1.1090583493608224,4
2020-12-17,1.1452070913266752,4
2020-12-18,1.1193085472978597,4
2020-12-19,1.1075938973864414,4
2020-12-20,1.1035058502362551,4
2020-12-21,1.0946042160005038,4
2020-12-22,1.1049405381465776,4
2020-12-23,1.0853128532809455,4
2020-12-24,1.104952407608487,4
2020-12-25,1.105640552732021,4
2020-12-26,1.1136237268867593,4
2020-12-27,1.1217306221699352,4
2020-12-28,1.147910773214556,4
2020-12-29,1.133553113644252,4
2020-12-30,1.1548646047001574,4
2020-12-31,1.162248793827132,4
2021-01-01,1.166067659033312,4
2021-01-02,1.1823803657556216,4
2021-01-03,1.2735331692730891,4
2021-01-04,1.3244359499141356,4
2021-01-05,1.3122522458671804,4
2021-01-06,1.3291840893678142,4
2021-01-07,1.3686906136648926,4
2021-01-08,1.3753812555018035,4
2021-01-09,1.3869560703369535,4
2021-01-10,1.4023084238070722,4
2021-01-11,1.404207557799428,4
2021-01-12,1.4098366282611905,4
2021-01-13,1.3957480859557327,4
2021-01-14,1.3688182167182399,4
2021-01-15,1.383104783442311,4
2021-01-16,1.3914506037390761,4
2021-01-17,1.3883835285709296,4
2021-01-18,1.405702107348728,4
2021-01-19,1.5319508212227453,4
2021-01-20,1.5038881014169392,4
2021-01-21,1.7045540010035396,4
2021-01-22,1.5627874327242273,4
2021-01-23,1.4595570532650701,4
2021-01-24,1.4470500430674935,4
2021-01-25,1.4893088428626178,4
2021-01-26,1.415405029278171,4
2021-01-27,1.3839329939350549,4
2021-01-28,1.3447414330268288,4
2021-01-29,1.4336854878640082,4
2021-01-30,1.2630425872272906,4
2021-01-31,1.2501145667955802,4
2021-02-01,1.238850556504938,4
2021-02-02,1.2432416169961946,4
2021-02-03,1.223736323578157,4
2021-02-04,1.2331485453427882,4
2021-02-05,1.2398329532247743,4
2021-02-06,1.2276263911972465,4
2021-02-07,1.218076965264928,4
2021-02-08,1.1747163680443833,4
2021-02-09,1.2379495598892942,4
2021-02-10,1.23149752501661,4
2021-02-11,1.2624854246180286,4
2021-02-12,1.2968731834918936,4
2021-02-13,1.3261176569083113,4
2021-02-14,1.3217636547959113,4
2021-02-15,1.3095440687514472,4
2021-02-16,1.2926008886421718,4
2021-02-17,1.2691237409560254,4
2021-02-18,1.2687393228803323,4
2021-02-19,1.224665699454162,4
2021-02-20,1.1795002546885403,4
2021-02-21,1.190144867379571,4
2021-02-22,1.2116288031247004,4
2021-02-23,1.1692840771149788,4
2021-02-24,1.2163288177296772,4
2021-02-25,1.2193530685333234,4
2021-02-26,1.2270776212437917,4
2021-02-27,1.2405903717733624,4
2021-02-28,1.23770590981899,4
2021-03-01,1.231005093799028,4
2021-03-02,1.2333774724684352,4
2021-03-03,1.2293470212999618,4
2021-03-04,1.2420766000856451,4
2021-03-05,1.2373405645581637,4
2021-03-06,1.2413438667389574,4
2021-03-07,1.2421657022529375,4
2021-03-08,1.230312452964652,4
2021-03-09,1.207577923491221,4
2021-03-10,1.1951567635151734,4
2021-03-11,1.1950525848216627,4
2021-03-12,1.1789544754137524,4
2021-03-13,1.1712019211275917,4
2021-03-14,1.1409595815876015,4
2021-03-15,1.1447103414005366,4
2021-03-16,1.1513709141938153,4
2021-03-17,1.164099614332752,4
2021-03-18,1.1473248324065528,4
2021-03-19,1.1517322582080576,4
2021-03-20,1.1477053070839631,4
2021-03-21,1.1746752698494205,4
2021-03-22,1.2045231197136348,4
2021-03-23,1.2376041479051567,4
2021-03-24,1.211000202214154,4
2021-03-25,1.2387690759808716,4
2021-03-26,1.24401260106785,4
2021-03-27,1.2528582031134523,4
2021-03-28,1.2577467389809436,4
2021-03-29,1.2603665111621083,4
2021-03-30,1.244822801894477,4
2021-03-31,1.2484670508125302,4
2021-04-01,1.2453675982831969,4
2021-04-02,1.2516311789423367,4
2021-04-03,1.2594695207242044,4
2021-04-04,1.26508946591365,4
2021-04-05,1.185479598577249,4
2021-04-06,1.238459851064022,4
2021-04-07,1.2194756255889434,4
2021-04-08,1.2105720401267583,4
2021-04-09,1.2062305933730566,4
2021-04-10,1.2183884199311499,4
2021-04-11,1.23422093030733,4
2021-04-12,1.261070319318156,4
2021-04-13,1.2850544658062066,4
2021-04-14,1.3060559006265713,4
2021-04-15,1.2810594053242947,4
2021-04-16,1.2731793103263622,4
2021-04-17,1.2894777407950169,4
2021-04-18,1.259483965413948,4
2021-04-19,1.264110832334495,4
2021-04-20,1.2567908444458107,4
2021-04-21,1.257041650657602,4
2021-04-22,1.2514973513466081,4
2021-04-23,1.2596917983874971,4
2021-04-24,1.256657342981532,4
2021-04-25,1.2672197918029442,4
2021-04-26,1.2431100138571067,4
2021-04-27,1.2381419966881864,4
2021-04-28,1.2373679313322639,4
2021-04-29,1.2449141664310686,4
2021-04-30,1.2511067247024168,4
2021-05-01,1.2549382991621336,4
2021-05-02,1.255665694391886,4
2021-05-03,1.2816705358023568,4
2021-05-04,1.266190349593937,4
2021-05-05,1.247880726141551,4
2021-05-06,1.24263532493702,4
2021-05-07,1.2434877790711358,4
2021-05-08,1.2501825834348486,4
2021-05-09,1.25054010905645,4
2021-05-10,1.2320468422724349,4
2021-05-11,1.2378391732286298,4
2021-05-12,1.209601162342999,4
2021-05-13,1.2226312181026537,4
2021-05-14,1.2231072729265482,4
2021-05-15,1.2498640977934492,4
2021-05-16,1.2897174554029855,4
2021-05-17,1.588064013904805,4
2021-05-18,1.7472737297333447,4
2021-05-19,1.6267691847869938,4
2021-05-20,1.5020422765970576,4
2021-05-21,1.7118461073554696,4
2021-05-22,1.9246406501008204,4
2021-05-23,2.9786913934226527,4
2021-05-24,2.191546622674736,4
2021-05-25,2.3830947935715017,4
2021-05-26,2.2490755866064793,4
2021-05-27,2.485193409242765,4
2021-05-28,3.3303111857427665,4
2021-05-29,3.674613711116355,4
2021-05-30,3.5635982709764633,4
2021-05-31,4.031429300994538,4
2021-06-01,3.877526114122561,4
2021-06-02,4.055015670872599,4
2021-06-03,3.9256494700268103,4
2021-06-04,4.068562276943113,4
2021-06-05,4.088680173092289,4
2021-06-06,3.9555286181380067,4
2021-06-07,3.2412086880934283,4
2021-06-08,2.445652554125187,4
2021-06-09,3.3182087416606896,4
2021-06-10,3.271830785028738,4
2021-06-11,2.5677183029839625,4
2021-06-12,2.3420653423379063,4
2021-06-13,3.7416152745307976,4
2021-06-14,2.9053470706111644,4
2021-06-15,2.426096412050686,4
2021-06-16,4.086730273599829,4
2021-06-17,3.08226785117599,4
2021-06-18,1.8394842735572743,4
2021-06-19,1.5279331407498122,4
2021-06-20,1.581563960603482,4
2021-06-21,1.0808707127293757,4
2021-06-22,1.091398404362908,4
2021-06-23,1.091547271193938,4
2021-06-24,1.0905618848481884,4
2021-06-25,1.0875461229648646,4
2021-06-26,1.0872528667238168,4
2021-06-27,1.1297075674364887,4
2021-06-28,1.0783636999423754,4
2021-06-29,1.0802125121523,4
2021-06-30,1.0868124100455103,4
2021-07-01,1.0884654951010206,4
2021-07-02,1.0881926289841588,4
2021-07-03,1.0856295083866798,4
2021-07-04,1.0815424607487112,4
2021-07-05,1.0833480422380453,4
2021-07-06,1.1697380757542672,4
2021-07-07,1.2212894137001953,4
2021-07-08,1.080587464282599,4
2021-07-09,1.0729095299413984,4
2021-07-10,1.0811844569262692,4
2021-07-11,1.081874194109404,4
2021-07-12,1.0857136650350778,4
2021-07-13,1.0852943055666415,4
2021-07-14,1.087499535625106,4
2021-07-15,1.0865312497681483,4
2021-07-16,1.134963497960775,4
2021-07-17,1.1740935777689967,4
2021-07-18,1.222329619781752,4
2021-07-19,1.1387578330668866,4
2021-07-20,1.0805316112582508,4
2021-07-21,1.0783559633223905,4
2021-07-22,1.0824425528897827,4
2021-07-23,1.0820218173175635,4
2021-07-24,1.0795471328037416,4
2021-07-25,1.2356821963682745,4
2021-07-26,2.2250285049253007,4
2021-07-27,3.1300774554271156,4
2021-07-28,2.7600481895019287,4
2021-07-29,2.0477448710165205,4
2021-07-30,1.5210020879575843,4
2021-07-31,1.2928276250032178,4
2021-08-01,1.2049184393457553,4
2021-08-02,1.151059607445609,4
2021-08-03,1.161053526702565,4
2021-08-04,1.1053784429346776,4
2021-08-05,1.0703652216609705,4
2021-08-06,1.0754394396249973,4
2021-08-07,1.0814320330114586,4
2021-08-08,1.0818630064747807,4
2021-08-09,1.0839426072185439,4
2021-08-10,1.0930967543766248,4
2021-08-11,1.108842973412124,4
2021-08-12,1.1084464329228636,4
2021-08-13,1.103874023217279,4
2021-08-14,1.119655314289789,4
2021-08-15,1.121816632904586,4
2021-08-16,1.1199716158069484,4
2021-08-17,1.1175628312726311,4
2021-08-18,1.1226208041961525,4
2021-08-19,1.1193126162627391,4
2021-08-20,1.1194357416276333,4
2021-08-21,1.116787089480955,4
2021-08-22,1.1169042308758987,4
2021-08-23,1.1255506501432049,4
2021-08-24,1.1215618032733357,4
2021-08-25,1.1222584518434717,4
2021-08-26,1.114965631081477,4
2021-08-27,1.1105439904437857,4
2021-08-28,1.1079666069142302,4
2021-08-29,1.1064133286469908,4
2021-08-30,1.1056856559671926,4
2021-08-31,1.1112374002217034,4
2021-09-01,1.1176291681539403,4
2021-09-02,1.1187069107608094,4
2021-09-03,1.119106311193056,4
2021-09-04,1.1213748961288283,4
2021-09-05,1.122137825553751,4
2021-09-06,1.123852841364739,4
2021-09-07,1.0910600867367677,4
2021-09-08,1.0927851299957148,4
2021-09-09,1.0937720024733544,4
2021-09-10,1.0943764548254933,4
2021-09-11,1.0944599617281943,4
2021-09-12,1.0934007588792132,4
2021-09-13,1.0902766966423794,4
2021-09-14,1.0881108104553063,4
2021-09-15,1.0867460936774171,4
2021-09-16,1.083916290784895,4
2021-09-17,1.0836639795813732,4
2021-09-18,1.0820506817453002,4
2021-09-19,1.0801252245960107,4
2021-09-20,1.1555978822922675,4
2021-09-21,3.0752222863281844,4
2021-09-22,4.636550278243355,4
2021-09-23,3.6157086490582295,4
2021-09-24,4.153772806570521,4
2021-09-25,1.7962464136708727,4
2021-09-26,1.6489882671845324,4
2021-09-27,1.146609573392505,4
2021-09-28,1.057219320493971,4
2021-09-29,1.0703571090068702,4
2021-09-30,1.0694958278339206,4
2021-10-01,1.861418694621198,4
2021-10-02,1.1507846941225333,4
2021-10-03,1.0560802985425075,4
2021-10-04,1.0602777793346847,4
2021-10-05,1.0606485991396515,4
2021-10-06,1.0760444446162316,4
2021-10-07,1.0778361922828639,4
2021-10-08,1.075926930477975,4
2021-10-09,1.0772342321169408,4
2021-10-10,1.070461347445706,4
2021-10-11,1.0681197721339186,4
2021-10-12,1.0794714914048325,4
2021-10-13,1.0834937686636725,4
2021-10-14,1.0952769336184245,4
2021-10-15,1.1105440438608363,4
2021-10-16,1.1112875394417998,4
2021-10-17,1.1125130463823023,4
2021-10-18,1.1183680280429102,4
2021-10-19,1.1203127982844554,4
2021-10-20,1.120065136768121,4
2021-10-21,1.111838795792621,4
2021-10-22,1.1169256421337366,4
2021-10-23,1.1146948375983918,4
2021-10-24,1.1091768084799125,4
2021-10-25,1.1040344704384795,4
2021-10-26,1.1499033179305702,4
2021-10-27,1.2954278295383388,4
2021-10-28,1.1990900642278748,4
2021-10-29,1.123919297544026,4
2021-10-30,1.1077370916932998,4
2021-10-31,1.095995688328268,4
2021-11-01,1.1018765558219108,4
2021-11-02,1.106648343434086,4
2021-11-03,1.1077234253703654,4
2021-11-04,1.1091685124761412,4
2021-11-05,1.1306360663141988,4
2021-11-06,1.133148245753774,4
2021-11-07,1.137601510069379,4
2021-11-08,1.1414479566264673,4
2021-11-09,1.141941316944349,4
2021-11-10,1.1330046724570833,4
2021-11-11,1.1388865162250819,4
2021-11-12,1.1406133506357465,4
2021-11-13,1.1451892930028478,4
2021-11-14,1.1472082425805505,4
2021-11-15,1.1449421346839097,4
2021-11-16,1.1289407385086405,4
2021-11-17,1.1315626273050197,4
2021-11-18,1.1175192653894406,4
2021-11-19,1.1136895723299314,4
2021-11-20,1.1107876435773827,4
2021-11-21,1.1058172212341608,4
2021-11-22,1.0974231722067502,4
2021-11-23,1.0912257517740287,4
2021-11-24,1.201518665835338,4
2021-11-25,1.3401364990874525,4
2021-11-26,2.076444327911635,4
2021-11-27,2.4996518962629124,4
2021-11-28,2.509776434087364,4
2021-11-29,2.302140382231073,4
2021-11-30,2.1634260109846335,4
2021-12-01,2.0776513030878783,4
2021-12-02,2.133843064087223,4
2021-12-03,3.0721845091474713,4
2021-12-04,3.311824488332855,4
2021-12-05,3.3013765774515096,4
2021-12-06,2.983605687189105,4
2021-12-07,3.0883440411904406,4
2021-12-08,3.3051620658237555,4
2021-12-09,2.5891469211677616,4
2021-12-10,2.2755673889623402,4
2021-12-11,2.1658440214137427,4
2021-12-12,2.125581306942837,4
2021-12-13,1.6610082148991319,4
2021-12-14,1.3982005410331284,4
2021-12-15,1.2433062189165396,4
2021-12-16,1.0964502601204875,4
2021-12-17,1.0760737045925508,4
2021-12-18,1.0802455198292131,4
2021-12-19,1.0843086069595962,4
2021-12-20,1.0932405037700328,4
2021-12-21,1.0965988454684004,4
2021-12-22,1.096728287150145,4
2021-12-23,1.083731272788328,4
2021-12-24,1.4812845736964444,4
2021-12-25,1.640482175191064,4
2021-12-26,1.4524248883988433,4
2021-12-27,1.2970082291163265,4
2021-12-28,1.0770969262423586,4
2021-12-29,1.0889772430601203,4
2021-12-30,1.0925073194821546,4
2021-12-31,1.0948807370866072,4
2022-01-01,1.0939427911664865,4
2022-01-02,1.0959189866424355,4
2022-01-03,1.0949759506369077,4
2022-01-04,1.0960882033905452,4
2022-01-05,1.0868814716532877,4
2022-01-06,1.089491199320548,4
2022-01-07,1.0881561455498914,4
2022-01-08,1.091321952380989,4
2022-01-09,1.0917574052221815,4
2022-01-10,1.093230385481412,4
2022-01-11,1.092855174220001,4
2022-01-12,1.0870010445538156,4
2022-01-13,1.0811227002784543,4
2022-01-14,1.0774397024574356,4
2022-01-15,1.0734565533734808,4
2022-01-16,1.1540083145825257,4
2022-01-17,1.153410475080958,4
2022-01-18,1.1347209085559222,4
2022-01-19,1.0960870500707296,4
2022-01-20,1.073438373701443,4
2022-01-21,1.0534750090525111,4
2022-01-22,1.052123830424041,4
2022-01-23,1.0506295586940353,4
2022-01-24,1.056001754415346,4
2022-01-25,1.057009432647957,4
2022-01-26,1.0581310523888268,4
2022-01-27,1.0625437792160763,4
2022-01-28,1.0664123169338944,4
2022-01-29,1.0665975447531912,4
2022-01-30,1.0676177419552573,4
2022-01-31,1.069092571330958,4
2022-02-01,1.069807500868271,4
2022-02-02,1.0674396968624893,4
2022-02-03,1.0676111921248561,4
2022-02-04,1.0628463659421354,4
2022-02-05,1.0644959549331574,4
2022-02-06,1.0640641067485463,4
2022-02-07,1.0912308291907773,4
2022-02-08,1.0894098728539192,4
2022-02-09,1.056365142800966,4
2022-02-10,1.1559819254544008,4
2022-02-11,1.1951562684049386,4
2022-02-12,1.1854360135667155,4
2022-02-13,1.2224647505269406,4
2022-02-14,1.2447812562868203,4
2022-02-15,1.8775807878417643,4
2022-02-16,2.1231203589916015,4
2022-02-17,1.4520036216237406,4
2022-02-18,1.4559630416129439,4
2022-02-19,1.4170096429331684,4
2022-02-20,1.2902832339247108,4
2022-02-21,1.13565870636521,4
2022-02-22,1.1305128978174181,4
2022-02-23,1.0904217988280964,4
2022-02-24,1.055085655583189,4
2022-02-25,1.0718906275484361,4
2022-03-01,1.0748478988939003,4
2022-03-02,1.068218747930838,4
2022-03-03,1.03989007483692,4
2022-03-04,1.05416440144553,4
2022-03-05,1.0530070058280714,4
2022-03-06,1.0575480325579574,4
2022-03-07,1.0623834670804873,4
2022-03-08,1.0666291536148003,4
2022-03-09,1.0598048578134405,4
2022-03-10,1.0605322374784136,4
2022-03-11,1.050061843476976,4
2022-03-12,1.045397931277249,4
2022-03-13,1.0451237615312023,4
2022-03-14,1.0906455908985477,4
2022-03-15,1.0839838875083068,4
2022-03-16,1.1250036798186835,4
2022-03-17,1.160217284913505,4
2022-03-18,1.228757507221749,4
2022-03-19,1.3935234529308436,4
2022-03-20,1.4719608637690136,4
2022-03-21,1.7443362057646357,4
2022-03-22,2.15555378052009,4
2022-03-23,2.728767959673576,4
2022-03-24,2.024707554118905,4
2022-03-25,1.6350850616429895,4
2022-03-26,1.3413538625479389,4
2022-03-27,1.1090035852531637,4
2022-03-28,1.1063140557453868,4
2022-03-29,1.1007350860650185,4
2022-03-30,1.0987844521044017,4
2022-03-31,1.0910443640856125,4
2022-04-03,1.0933533998366838,4
2022-04-04,1.0866501392665784,4
2022-04-05,1.0849040049584875,4
2022-04-06,1.0703510059574495,4
2022-04-07,1.066938377877283,4
2022-04-08,1.0506929374888196,4
2022-04-09,1.0983412176804204,4
2022-04-10,1.2386002812342052,4
2022-04-11,2.518726657510043,4
2022-04-12,2.939060057171646,4
2022-04-13,3.0190286514635196,4
2022-04-14,3.1571481312259433,4
2022-04-15,3.4476687178703322,4
2022-04-16,3.926476522200913,4
2022-04-17,2.4875440916554457,4
2022-04-18,3.43065400735406,4
2022-04-19,3.4057674281997876,4
2022-04-20,2.558722441907435,4
2022-04-21,2.020101161581546,4
2022-04-22,1.7902706654818064,4
2022-04-23,1.4240184643830387,4
2022-04-24,1.2066588928541175,4
2022-04-25,1.356205529678118,4
2022-04-26,1.0930500248660961,4
2022-04-27,1.091847740531646,4
2022-04-28,1.1012396893637844,4
2022-04-29,1.096296366318985,4
2022-04-30,1.091923286722327,4
2022-05-01,1.0892552082515912,4
2022-05-02,1.0886051048567842,4
2022-05-03,1.0862541876837635,4
2022-05-04,1.078501189802977,4
2022-05-05,1.068827009619034,4
2022-05-06,1.0704205158459474,4
2022-05-07,1.0688636497459663,4
2022-05-08,1.0661084999220511,4
2022-05-09,1.0453778237056974,4
2022-05-10,1.0434011462070527,4
2022-05-11,1.0400545980784541,4
2022-05-12,1.0440700309416102,4
2022-05-13,1.0496248754832291,4
2022-05-14,1.0501275197488107,4
2022-05-15,1.0488432180653737,4
2022-05-16,1.047183157355117,4
2022-05-17,1.0465045062068805,4
2022-05-18,1.0437674674552102,4
2022-05-19,1.04290586848485,4
2022-05-20,1.044098409460599,4
2022-05-21,1.0445124107518953,4
2022-05-22,1.0447803062534915,4
2022-05-23,1.0458902909265229,4
2022-05-24,1.046290815903873,4
2022-05-25,1.0466508883863832,4
2022-05-26,1.0520862969003297,4
2022-05-27,1.0527679269854706,4
2022-05-28,1.053470710897881,4
2022-05-29,1.053859510586753,4
2022-05-30,1.051490726548988,4
2022-05-31,1.053128753077395,4
2022-06-01,1.050648894967308,4
2022-06-02,1.0507546814034334,4
2022-06-03,1.050001656050438,4
2022-06-04,1.0500741463856453,4
2022-06-05,1.050155736913289,4
2022-06-06,1.055831493433538,4
2022-06-07,1.056925038823937,4
2022-06-08,1.0577927386373707,4
2022-06-09,1.0578644335907423,4
2022-06-10,1.0608774980495532,4
2022-06-11,1.0609140369077887,4
2022-06-12,1.0581494512166703,4
2022-06-13,1.048747354938969,4
2022-06-14,1.050739383279591,4
2022-06-15,1.052075243289474,4
2022-06-16,1.0459433813833496,4
2022-06-17,1.0464388628926296,4
2022-06-18,1.0452160290914783,4
2022-06-19,1.042559752487956,4
2022-06-20,1.042741158425738,4
2022-06-21,1.0430574990762587,4
2022-06-22,1.0432974554892227,4
2022-06-23,1.0414838240987505,4
2022-06-24,1.0463870852117105,4
2022-06-25,1.0461431303547226,4
2022-06-26,1.0456606616780069,4
2022-06-27,1.0456181596435041,4
2022-06-28,1.0451025163889287,4
2022-06-29,1.0456299206979645,4
2022-06-30,1.046188621502925,4
2022-07-01,1.0475870343537508,4
2022-07-02,1.0483216034154454,4
2022-07-03,1.0490323211280719,4
2022-07-04,1.0485706114108075,4
2022-07-05,1.048815077951218,4
2022-07-06,1.0486185063452191,4
2022-07-07,1.0500380596697958,4
2022-07-08,1.0506002868586193,4
2022-07-09,1.0510904760792337,4
2022-07-10,1.0501857559451382,4
2022-07-11,1.0490542739747657,4
2022-07-12,1.0498892807104212,4
2022-07-13,1.0474312370764112,4
2022-07-14,1.0478610372546047,4
2022-07-15,1.048878861100108,4
2022-07-16,1.0515263241306403,4
2022-07-17,1.0523126409652366,4
2022-07-18,1.050343718907705,4
2022-07-19,1.0541462271595612,4
2022-07-20,1.0542642913065419,4
2022-07-21,1.0535754810279743,4
2022-07-22,1.052492740875535,4
2022-07-23,1.0496949325058975,4
2022-07-24,1.1561644868055545,4
2022-07-25,1.0467202899418018,4
2022-07-26,1.0487029755339288,4
2022-07-27,1.17518339756411,4
2022-07-28,1.6360187813288045,4
2022-07-29,4.269233583468948,4
2022-07-30,4.436187108820618,4
2022-07-31,3.257551478653895,4
2022-08-01,2.683510811908054,4
2022-08-02,2.40372228688119,4
2022-08-03,1.7817023884645797,4
2022-08-04,1.4139656798877125,4
2022-08-05,1.250571247143362,4
2022-08-06,1.3122084743801123,4
2022-08-07,1.2011967588879573,4
2022-08-08,1.1394237533132283,4
2022-08-09,1.2040966984167722,4
2022-08-10,1.0799721641700328,4
2022-08-11,1.066046731188306,4
2022-08-12,1.0695681123370246,4
2022-08-13,1.072604506154765,4
2022-08-14,1.0718714849485589,4
2022-08-15,1.0764057745770441,4
2022-08-16,1.0765030836137826,4
2022-08-17,1.0762618762136897,4
2022-08-18,1.077921768894191,4
2022-08-19,1.385294046038519,4
2022-08-20,2.1877749160025184,4
2022-08-21,2.7237028565073658,4
2022-08-22,3.449358734517583,4
2022-08-23,3.840756314860415,4
2022-08-24,4.127649218577261,4
2022-08-25,4.176317035772592,4
2022-08-26,1.8437033934349139,4
2022-08-27,1.5697708101029904,4
2022-08-28,1.1727587427718338,4
2022-08-29,1.2388803822599954,4
2022-08-30,1.1102901955389974,4
2022-08-31,1.0477892263405961,4
2022-09-01,1.0499267798846972,4
2022-09-02,1.0538820225238206,4
2022-09-03,1.0546185040302183,4
2022-09-04,1.0566174604740355,4
2022-09-05,1.070572281609543,4
2022-09-06,1.0871552439270855,4
2022-09-07,1.2129162073577844,4
2022-09-08,1.1989996907740776,4
2022-09-09,1.3678131120237287,4
2022-09-10,1.718676629012963,4
2022-09-11,2.2996832987799976,4
2022-09-12,3.1481284556238993,4
2022-09-13,3.4343957288660594,4
2022-09-14,3.741230266248165,4
2022-09-15,3.1620912661400338,4
2022-09-16,2.7464271654102834,4
2022-09-17,2.799801718998208,4
2022-09-18,1.9528574165719108,4
2022-09-19,1.7818501550810155,4
2022-09-20,1.6232805343113506,4
2022-09-21,1.5680307063973533,4
2022-09-22,1.6120807614519819,4
2022-09-23,1.8895880248126065,4
2022-09-24,1.9280975232470956,4
2022-09-25,1.9827682345604658,4
2022-09-26,1.8732063093532787,4
2022-09-27,1.7652737114754307,4
2022-09-28,1.8802665972588133,4
2022-09-29,1.9220225825932067,4
2022-09-30,1.9003478165802625,4
2022-10-01,1.871508437206837,4
2022-10-02,1.7540296019614763,4
2022-10-03,1.7956482642254412,4
2022-10-04,2.0210530121729358,4
2022-10-05,2.3018785950972886,4
2022-10-06,2.3444122188985013,4
2022-10-07,2.273611754229465,4
2022-10-08,2.1255625333749015,4
2022-10-09,2.1741897469157143,4
2022-10-10,1.9966779369979506,4
2022-10-11,1.895888464303581,4
2022-10-12,1.865780917605232,4
2022-10-13,1.8587716322938965,4
2022-10-14,1.8539281445079276,4
2022-10-15,1.8485960260153167,4
2022-10-16,1.843640760937831,4
2022-10-17,1.8970416235420209,4
2022-10-18,1.7912235828069807,4
2022-10-19,1.6270019260210673,4
2022-10-20,1.5325262332312424,4
2022-10-21,1.604146597454597,4
2022-10-22,1.695512613071452,4
2022-10-23,1.7231357666757003,4
2022-10-24,1.5987515792400526,4
2022-10-25,1.7329214993113289,4
2022-10-26,2.153812596344023,4
2022-10-27,1.512010657821222,4
2022-10-28,1.1603124758358174,4
2022-10-29,1.1538423288735817,4
2022-10-30,1.1375878544295106,4
2022-10-31,1.1308027065545383,4
2022-11-01,1.1228052986660437,4
2022-11-02,1.1062683711480972,4
2022-11-03,1.1031840080486746,4
2022-11-04,1.0941750124627854,4
2022-11-05,1.0986107540558048,4
2022-11-06,1.091677629919173,4
2022-11-07,1.0869262432800666,4
2022-11-08,1.0191402792694626,4
2022-11-09,2.039370889629095,4
2022-11-10,1.0419451555572563,4
2022-11-11,1.0386390078405643,4
2022-11-12,1.7707035668834694,4
2022-11-13,3.005855072282024,4
2022-11-14,1.5632287610460989,4
2022-11-15,1.1833977595210667,4
2022-11-16,1.041628618189822,4
2022-11-17,1.0457604100037956,4
2022-11-18,1.0461955753144188,4
2022-11-19,1.0460651296477184,4
2022-11-20,1.045641106496632,4
2022-11-21,1.0478265156661302,4
2022-11-22,1.046939225254844,4
2022-11-23,1.0462219752214055,4
2022-11-24,1.207923355847387,4
2022-11-25,1.5730113898335263,4
2022-11-26,1.7613762721183908,4
2022-11-27,1.8946501612097313,4
2022-11-28,1.8213786512155912,4
2022-11-29,1.772250788711429,4
2022-11-30,1.8980229640595854,4
2022-12-01,1.9714782865490381,4
2022-12-02,1.8005582251638061,4
2022-12-03,1.5480513798518212,4
2022-12-04,1.3789718771494675,4
2022-12-05,1.22667385877886,4
2022-12-06,1.119821257231711,4
2022-12-07,1.04255287310014,4
2022-12-08,1.043512919789794,4
2022-12-09,1.0500332633710732,4
2022-12-10,1.0540491283335072,4
2022-12-11,1.057089833872985,4
2022-12-12,1.0658596990108828,4
2022-12-13,1.0792862986252465,4
2022-12-14,1.0877537413157525,4
2022-12-15,1.0889337847293874,4
2022-12-16,1.0808681563460067,4
2022-12-17,1.0758129903686469,4
2022-12-18,1.074674906670555,4
2022-12-19,1.0706233624294836,4
2022-12-20,1.0726432442822718,4
2022-12-21,1.0761780016544205,4
2022-12-22,1.0780469344797716,4
2022-12-23,1.0804339318206628,4
2022-12-24,1.0828443186875798,4
2022-12-25,1.0860483552717448,4
2022-12-26,1.092316856563398,4
2022-12-27,1.09474355420854,4
2022-12-28,1.094488248163848,4
2022-12-29,1.098904352898485,4
2022-12-30,1.10020380030048,4
2022-12-31,1.1011188305642707,4
2023-01-01,1.1032681008724665,4
2023-01-02,1.1049822825490099,4
2023-01-03,1.1057516240815586,4
2023-01-04,1.1089952803537446,4
2023-01-05,1.1092608530472385,4
2023-01-06,1.107977945177372,4
2023-01-07,1.1071399005683438,4
2023-01-08,1.1002294943495132,4
2023-01-09,1.0962458408235842,4
2023-01-10,1.0805678601263258,4
2023-01-11,1.612953798215984,4
2023-01-12,2.88004625171574,4
2023-01-13,1.66033153264041,4
2023-01-14,1.3077633410046743,4
2023-01-15,1.1866362758099036,4
2023-01-16,1.126201550829432,4
2023-01-17,1.0882131841768183,4
2023-01-18,1.0801460059913175,4
2023-01-19,1.0668328676447807,4
2023-01-20,1.0741329578320549,4
2023-01-21,1.0770420355724053,4
2023-01-22,1.0798353804553076,4
2023-01-23,1.0869021022230043,4
2023-01-24,1.086874647360279,4
2023-01-25,1.0889936179964144,4
2023-01-26,1.0897755524315778,4
2023-01-27,1.0927047071822604,4
2023-01-28,1.0934786643128076,4
2023-01-29,1.092060840216068,4
2023-01-30,1.083631499372116,4
2023-01-31,1.08313951590659,4
2023-02-01,1.0837933297110682,4
2023-02-02,1.0877935438178508,4
2023-02-03,1.0918256519683176,4
2023-02-04,1.092062293909075,4
2023-02-05,1.0908394584101269,4
2023-02-06,1.0887185924395981,4
2023-02-07,1.0853491709147123,4
2023-02-08,1.0835195234633055,4
2023-02-09,1.0634056840916934,4
2023-02-10,1.0627636281552715,4
2023-02-11,1.08010292365092,4
2023-02-12,1.1346699301219003,4
2023-02-13,1.1794622872799962,4
2023-02-14,1.2219419007332233,4
2023-02-15,1.1387881900378207,4
2023-02-16,1.1887303272205094,4
2023-02-17,1.140046081508989,4
2023-02-18,1.113605463816987,4
2023-02-19,1.140512952883354,4
2023-02-20,1.0790373769632289,4
2023-02-21,1.08459574367851,4
2023-02-22,1.0723298700947905,4
2023-02-23,1.0969715233586537,4
2023-02-24,1.1906096080602087,4
2023-02-25,1.265340623611059,4
2023-02-26,1.2904470094121299,4
2023-02-27,1.3454212585056975,4
2023-02-28,1.4263438726518565,4
2023-03-01,1.411246230469998,4
2023-03-02,1.4527794095745654,4
2023-03-03,1.719039579204799,4
2023-03-04,2.2146943112957604,4
2023-03-05,2.978794851065523,4
2023-03-06,3.6801548188670776,4
2023-03-07,3.664602997743943,4
2023-03-08,2.6988885855682123,4
2023-03-09,1.0905604544005207,4
2023-03-10,1.0955769839163823,4
2023-03-11,1.1042049362452966,4
2023-03-12,1.0973844069285548,4
2023-03-13,1.6042815728412938,4
2023-03-14,2.592492958350117,4
2023-03-15,2.1584275371984334,4
2023-03-16,2.3813697289115523,4
2023-03-17,1.6283635579888018,4
2023-03-18,1.431305031118865,4
2023-03-19,1.2736926900780605,4
2023-03-20,1.2622552371462419,4
2023-03-21,1.0763017790809046,4
2023-03-22,1.074039908286507,4
2023-03-23,1.080189316370689,4
2023-03-24,1.0811711539395656,4
2023-03-25,1.086582068175618,4
2023-03-26,1.0915113523166455,4
2023-03-27,1.115031773055679,4
2023-03-28,1.131138051474395,4
2023-03-29,1.1480947467885383,4
2023-03-30,1.1528915916991933,4
2023-03-31,1.1552038939718186,4
2023-04-01,1.1496071046800835,4
2023-04-02,1.1557868061095846,4
2023-04-03,1.1465628039338263,4
2023-04-04,1.1471356576553007,4
2023-04-05,1.142582026502915,4
2023-04-06,1.1407506621697632,4
2023-04-07,1.1427911514077869,4
2023-04-08,1.136441992919275,4
2023-04-09,1.1677669765974017,4
2023-04-10,1.1577174747053378,4
2023-04-11,1.1420529539070021,4
2023-04-12,1.139532061999191,4
2023-04-13,1.1503360301451493,4
2023-04-14,1.1585868728894233,4
2023-04-15,1.1605262584463922,4
2023-04-16,1.1662584890558012,4
2023-04-17,1.1628451787489014,4
2023-04-18,1.1636094779341422,4
2023-04-19,1.1279517653432807,4
2023-04-20,1.1253055862694565,4
2023-04-21,1.1223155347756757,4
2023-04-22,1.1338291672573164,4
2023-04-23,1.1382109454769724,4
2023-04-24,1.1368545216865293,4
2023-04-25,1.127925505104431,4
2023-04-26,1.1256118118855079,4
2023-04-27,1.1294603946106376,4
2023-04-28,1.1329144023384585,4
2023-04-29,1.133060962822139,4
2023-04-30,1.1478190020937447,4
2023-05-01,1.136653937852269,4
2023-05-02,1.1415008288086557,4
2023-05-03,1.1427399154157418,4
2023-05-04,1.1360034292647319,4
2023-05-05,1.1328546067144858,4
2023-05-06,1.1393514773381137,4
2023-05-07,1.2157899608008016,4
2023-05-08,1.3827146504640593,4
2023-05-09,1.5862285555527211,4
2023-05-10,1.831761613357277,4
2023-05-11,2.4541304251495566,4
2023-05-12,1.503651030696213,4
2023-05-13,1.2484297320858317,4
2023-05-14,1.2084766385621815,4
2023-05-15,1.2051504189146356,4
2023-05-16,1.203236172938603,4
2023-05-17,1.1984564721834312,4
2023-05-18,1.1907327846067113,4
2023-05-19,1.1722417088290051,4
2023-05-20,1.1450920483368237,4
2023-05-21,1.1377496189850709,4
2023-05-22,1.1288507680495257,4
2023-05-23,1.10265514786975,4
2023-05-24,1.108903806207941,4
2023-05-25,1.1094785920647992,4
2023-05-26,1.109508694575969,4
2023-05-27,1.164982912872207,4
2023-05-28,1.5265500882526761,4
2023-05-29,1.81815977399419,4
2023-05-30,2.102492897184117,4
2023-05-31,2.1918599292409993,4
2023-06-01,2.1474704134876763,4
2023-06-02,2.248712253376864,4
2023-06-03,2.266214011408893,4
2023-06-04,2.24849080312628,4
2023-06-05,2.4022323000868435,4
2023-06-06,2.378713232246613,4
2023-06-07,2.3131558804633157,4
2023-06-08,2.2274737272606098,4
2023-06-09,2.1666965975783676,4
2023-06-10,2.0959057957476417,4
2023-06-11,2.088357507326393,4
2023-06-12,2.02822733266634,4
2023-06-13,1.959804988634625,4
2023-06-14,1.578470061093229,4
2023-06-15,1.5045447719411658,4
2023-06-16,1.4839633470962927,4
2023-06-17,1.4787169427302669,4
2023-06-18,1.4781885375077612,4
2023-06-19,1.4913856946454107,4
2023-06-20,1.5281912385868535,4
2023-06-21,2.058430895384523,4
2023-06-22,2.3177541793893695,4
2023-06-23,2.378361417804899,4
2023-06-24,2.3628732773208814,4
2023-06-25,2.2961208616184563,4
2023-06-26,2.24319078701748,4
2023-06-27,2.164195292927214,4
2023-06-28,2.295567210810522,4
2023-06-29,2.2308620462196256,4
2023-06-30,2.264222210251691,4
2023-07-01,2.2717561411713554,4
2023-07-02,2.2278301063360906,4
2023-07-03,2.128319787576192,4
2023-07-04,2.1391121538676137,4
2023-07-05,2.2038805368452055,4
2023-07-06,2.431691819873518,4
2023-07-07,2.423435545442832,4
2023-07-08,2.4050916386760552,4
2023-07-09,2.482540611856785,4
2023-07-10,2.239782838413104,4
2023-07-11,2.0286254921410922,4
2023-07-12,1.9248227251787449,4
2023-07-13,1.1831231589340403,4
2023-07-14,1.208191270912998,4
2023-07-15,1.055234703324346,4
2023-07-16,1.0719485314826946,4
2023-07-17,1.077593112789312,4
2023-07-18,1.0807789303381032,4
2023-07-19,1.3436974291879147,4
2023-07-20,1.6195899973110661,4
2023-07-21,1.835994885383516,4
2023-07-22,2.02919035634392,4
2023-07-23,2.1849190067743907,4
2023-07-24,2.6211470971931936,4
2023-07-25,2.430858829546662,4
2023-07-26,2.1105969477137245,4
2023-07-27,1.940282960107973,4
2023-07-28,1.7973242255250246,4
2023-07-29,1.7020071967089612,4
2023-07-30,1.5633531870507766,4
2023-07-31,1.4868827829368072,4
2023-08-01,1.6290005616680534,4
2023-08-02,1.302381381275636,4
2023-08-03,1.2909680549023523,4
2023-08-04,1.2503309329281334,4
2023-08-05,1.2259548400481033,4
2023-08-06,1.2061405198796709,4
2023-08-07,1.1843248922427383,4
2023-08-08,1.189213783435555,4
2023-08-09,1.2020455529742344,4
2023-08-10,1.1806109664902784,4
2023-08-11,1.172505538116721,4
2023-08-12,1.1582847996694692,4
2023-08-13,1.1439613847833978,4
2023-08-14,1.134240854642227,4
2023-08-15,1.1007613245087937,4
2023-08-16,1.1065143395937922,4
2023-08-17,1.0772094525199831,4
2023-08-18,1.0780688195629773,4
2023-08-19,1.07848258099757,4
2023-08-20,1.0797587654951277,4
2023-08-21,1.0836082596493655,4
2023-08-22,1.0861418862458618,4
2023-08-23,1.0868324314109485,4
2023-08-24,1.0911243078174473,4
2023-08-25,1.091233893826964,4
2023-08-26,1.0916692847106086,4
2023-08-27,1.0927816873470746,4
2023-08-28,1.0937515866957477,4
2023-08-29,1.0953147282432987,4
2023-08-30,1.0964938842405425,4
2023-08-31,1.0938810949452755,4
2023-09-01,1.0931801420280094,4
2023-09-02,1.0925334064294685,4
2023-09-03,1.0922656384916327,4
2023-09-04,1.094255798036732,4
2023-09-05,1.0967182503558,4
2023-09-06,1.0974058061849343,4
2023-09-07,1.1003570636220905,4
2023-09-08,1.1011620404494145,4
2023-09-09,1.1035217050529662,4
2023-09-10,1.1054766475343631,4
2023-09-11,1.097321036425017,4
2023-09-12,1.0965143732711158,4
2023-09-13,1.098604603988327,4
2023-09-14,1.1057007406637358,4
2023-09-15,1.1089935496675114,4
2023-09-16,1.1128891332274102,4
2023-09-17,1.1184481402394182,4
2023-09-18,1.122170629685598,4
2023-09-19,1.1248711297437024,4
2023-09-20,1.1212151546353932,4
2023-09-21,1.1143550560329052,4
2023-09-22,1.1133254798779353,4
2023-09-23,1.1127162879926815,4
2023-09-24,1.1129520061380345,4
2023-09-25,1.112454641365675,4
2023-09-26,1.1142160981625022,4
2023-09-27,1.1156038114828393,4
2023-09-28,1.1226342167112902,4
2023-09-29,1.1263655454116914,4
2023-09-30,1.1321779466843171,4
2023-10-01,1.6592561278678777,4
2023-10-02,1.866731305693993,4
2023-10-03,2.0734414949962696,4
2023-10-04,2.4211775868510643,4
2023-10-05,2.597583860054214,4
2023-10-06,3.09925754474003,4
2023-10-07,3.3104944095162585,4
2023-10-08,3.328056481629019,4
2023-10-09,2.602151501581815,4
2023-10-10,2.1640473038215164,4
2023-10-11,1.5596958355817023,4
2023-10-12,1.271277378925428,4
2023-10-13,1.1984722616872512,4
2023-10-14,1.154179500317894,4
2023-10-15,1.1912174823723984,4
2023-10-16,1.397942684645437,4
2023-10-17,1.652792929430347,4
2023-10-18,1.8612640450696094,4
2023-10-19,2.43884768108586,4
2023-10-20,2.932330451246207,4
2023-10-21,3.4908685504262684,4
2023-10-22,2.830751879175383,4
2023-10-23,1.425522013560923,4
2023-10-24,1.0667875499152868,4
2023-10-25,1.0967349172556304,4
2023-10-26,1.113419459432858,4
2023-10-27,1.1155620293998816,4
2023-10-28,1.1224760710978001,4
2023-10-29,1.1277356620690522,4
2023-10-30,1.135955621776131,4
2023-10-31,1.1479128063653963,4
2023-11-01,1.150525310715899,4
2023-11-02,1.177018646393094,4
2023-11-03,1.1862294554494741,4
2023-11-04,1.1905943197610707,4
2023-11-05,1.179198834618454,4
2023-11-06,1.1845689791653096,4
2023-11-07,1.1860021947599158,4
2023-11-08,1.1895348012561773,4
2023-11-09,1.2633603789804149,4
2023-11-10,1.2665143341298961,4
2023-11-11,1.2689577320340983,4
2023-11-12,1.2699668514224705,4
2023-11-13,1.280878068506307,4
2023-11-14,1.272282572817765,4
2023-11-15,1.2456470149868735,4
2023-11-16,1.2077469634565368,4
2023-11-17,1.2020593458094928,4
2023-11-18,1.1968765294088197,4
2023-11-19,1.192571176578101,4
2023-11-20,1.1945017037677677,4
2023-11-21,1.1484324141577018,4
2023-11-22,1.1258110207266154,4
2023-11-23,1.1255859072925958,4
2023-11-24,1.122652875614479,4
2023-11-25,1.1200257898131274,4
2023-11-26,1.1167742022143952,4
2023-11-27,1.1065315955738124,4
2023-11-28,1.1317966187097748,4
2023-11-29,1.170848243382963,4
2023-11-30,1.215941308715988,4
2023-12-01,1.2265862585519958,4
2023-12-02,1.233809944884124,4
2023-12-03,1.2439957377669124,4
2023-12-04,1.2540845102085576,4
2023-12-05,1.235719708807915,4
2023-12-06,1.2687726382505,4
2023-12-07,1.320535401333852,4
2023-12-08,1.3219603017472144,4
2023-12-09,1.3469225571901344,4
2023-12-10,1.3065735117587878,4
2023-12-11,1.1602704445846423,4
2023-12-12,1.151392501482611,4
2023-12-13,1.2011874895481343,4
2023-12-14,1.2259539701764974,4
2023-12-15,1.2083542113631427,4
2023-12-16,1.211651856615587,4
2023-12-17,1.1993287418448904,4
2023-12-18,1.1926490273479535,4
2023-12-19,1.2064178796980651,4
2023-12-20,1.2154019284042064,4
2023-12-21,1.220209809445136,4
2023-12-22,1.260477577466407,4
2023-12-23,1.3009416338319253,4
2023-12-24,1.3895799246340044,4
2023-12-25,1.3381370600913247,4
2023-12-26,1.564019177816008,4
2023-12-27,1.577350322440664,4
2023-12-28,1.652760381653992,4
2023-12-29,1.605635790839995,4
2023-12-30,1.5348100336130022,4
2023-12-31,1.5449172878102444,4
2024-01-01,1.4375846843663913,4
2024-01-02,1.619099304543415,4
2024-01-03,1.4756679249859546,4
2024-01-04,1.4779793425815846,4
2024-01-05,1.6544658396723149,4
2024-01-06,1.7364658019584267,4
2024-01-07,1.7833087830341527,4
2024-01-08,1.707971502369098,4
2024-01-09,1.6797073665115736,4
2024-01-10,1.5351128047079974,4
2024-01-11,1.4543391538611692,4
2024-01-12,1.4514166558760553,4
2024-01-13,1.4560320947771486,4
2024-01-14,1.4853306152899088,4
2024-01-15,1.4954657703142318,4
2024-01-16,1.4827994154132382,4
2024-01-17,1.5050034033159514,4
2024-01-18,1.5625594269163487,4
2024-01-19,1.6208370340479359,4
2024-01-20,1.6480433931085865,4
2024-01-21,1.6878470961854637,4
2024-01-22,1.774360589674625,4
2024-01-23,1.8961112719656195,4
2024-01-24,2.0431069936933044,4
2024-01-25,2.0964065206256226,4
2024-01-26,2.085404074130735,4
2024-01-27,2.121705813663718,4
2024-01-28,2.173115163250325,4
2024-01-29,2.4064645272390166,4
2024-01-30,2.534887454443121,4
2024-01-31,2.6019769338677574,4
2024-02-01,2.6295347359970425,4
2024-02-02,2.6687640271729967,4
2024-02-03,2.683198368534641,4
2024-02-04,2.6250183875228954,4
2024-02-05,2.564205294737367,4
2024-02-06,2.6465705805721127,4
2024-02-07,2.7531455410353116,4
2024-02-08,2.472844546491855,4
2024-02-09,2.037726575588701,4
2024-02-10,1.8354094012187665,4
2024-02-11,1.7457104563442543,4
2024-02-12,1.6683231001222847,4
2024-02-13,1.6336117578993854,4
2024-02-14,1.5332245733230603,4
2024-02-15,1.4221252811980867,4
2024-02-16,1.36050611677246,4
2024-02-17,1.3332441451489514,4
2024-02-18,1.2925267421695865,4
2024-02-19,1.2879656590184823,4
2024-02-20,1.3002819190499246,4
2024-02-21,1.2973569161404115,4
2024-02-22,1.334123482706448,4
2024-02-23,1.3866834480036854,4
2024-02-24,1.385664386456949,4
2024-02-25,1.4085444240402158,4
2024-02-26,1.4342551159245323,4
2024-02-27,1.3948651824001979,4
2024-02-28,1.3603264977093537,4
2024-02-29,1.3967095008655415,4
2024-03-01,1.2953914113392253,4
2024-03-02,1.1892092797377183,4
2024-03-03,1.199042184396634,4
2024-03-04,1.2234903169320435,4
2024-03-05,1.1608375743549344,4
2024-03-06,1.1380505486632135,4
2024-03-07,1.1508673680271702,4
2024-03-08,1.1599479007401514,4
2024-03-09,1.168211748741028,4
2024-03-10,1.179811678413068,4
2024-03-11,1.1975863887803884,4
2024-03-12,1.1931321802516595,4
2024-03-13,1.1838732229246602,4
2024-03-14,1.1722278634481884,4
2024-03-15,1.196809952231126,4
2024-03-16,1.163380212810622,4
2024-03-17,1.1709628014248261,4
2024-03-18,1.187417348235635,4
2024-03-19,1.1792686069816138,4
2024-03-20,1.157080044879559,4
2024-03-21,1.1733338546364107,4
2024-03-22,1.1720165705960124,4
2024-03-23,1.1720584904134168,4
2024-03-24,1.168156702489803,4
2024-03-25,1.1680189726483827,4
2024-03-26,1.164628221724873,4
2024-03-27,1.1635849835506766,4
2024-03-28,1.1528002464028226,4
2024-03-29,1.1497630173928544,4
2024-03-30,1.1407806663989364,4
2024-03-31,1.1900225173575245,4
2024-04-01,1.2533300918368921,4
2024-04-02,1.2333015578157647,4
2024-04-03,1.1784858254651875,4
2024-04-04,1.123094589604703,4
2024-04-05,1.1295624726769768,4
2024-04-06,1.13667835371622,4
2024-04-07,1.1429407622358851,4
2024-04-08,1.1529792889598294,4
2024-04-09,1.1612985787918744,4
2024-04-10,1.159889569908761,4
2024-04-11,1.160681471974675,4
2024-04-12,1.1512278420319055,4
2024-04-13,1.1195380331369134,4
2024-04-14,1.1772489638332841,4
2024-04-15,1.2273319088685832,4
2024-04-16,1.2656231285191255,4
2024-04-17,1.3308858839159736,4
2024-04-18,1.386875042455196,4
2024-04-19,1.430331755926524,4
2024-04-20,1.3518866512939338,4
2024-04-21,1.3400663392586052,4
2024-04-22,1.2275424090470384,4
2024-04-23,1.1866503531443822,4
2024-04-24,1.197459869590829,4
2024-04-25,1.212663022220756,4
2024-04-26,1.2180001616800953,4
2024-04-27,1.2386772032297706,4
2024-04-28,1.2512389128056567,4
2024-04-29,1.2443748312546359,4
2024-04-30,1.302211830194815,4
2024-05-01,1.2951821507934758,4
2024-05-02,1.3573205687030128,4
2024-05-03,1.3719447488249674,4
2024-05-04,1.344030121349218,4
2024-05-05,1.3049961349845498,4
2024-05-06,1.284027376425304,4
2024-05-07,1.3778823674445853,4
2024-05-08,1.6690341159741282,4
2024-05-09,1.8254260721597118,4
2024-05-10,2.13390733387519,4
2024-05-11,2.4220955326895037,4
2024-05-12,2.5549849589526823,4
2024-05-13,2.5361995398712924,4
2024-05-14,2.564646363551593,4
2024-05-15,2.215710271583724,4
2024-05-16,2.3479579308544833,4
2024-05-17,1.9933673340219715,4
2024-05-18,1.7702354527713358,4
2024-05-19,1.755354962737779,4
2024-05-20,1.2951099815407434,4
2024-05-21,1.2398202004067886,4
2024-05-22,1.2331880138265507,4
2024-05-23,1.227595053511423,4
2024-05-24,1.1811222326600899,4
2024-05-25,1.1096651534546553,4
2024-05-26,1.1304794750506952,4
2024-05-27,1.1144501358671508,4
2024-05-28,1.1440338727893897,4
2024-05-29,1.2048149418742322,4
2024-05-30,1.2780077497377555,4
2024-05-31,1.33320845204054,4
2024-06-01,1.438576809521023,4
2024-06-02,1.497940124120981,4
2024-06-03,1.5370832208160872,4
2024-06-04,1.4540726267395678,4
2024-06-05,1.4123064954619167,4
2024-06-06,1.4436424265931207,4
2024-06-07,1.557006501049529,4
2024-06-08,1.6460151215696215,4
2024-06-09,1.6876323903553292,4
2024-06-10,1.8597557307206998,4
2024-06-11,2.2565713293814467,4
2024-06-12,2.370230682327005,4
2024-06-13,2.747479586866027,4
2024-06-14,2.823487253869547,4
2024-06-15,2.772906198178722,4
2024-06-16,2.692492582973059,4
2024-06-17,2.4670873217316127,4
2024-06-18,2.096238980432402,4
2024-06-19,1.9928899140000487,4
2024-06-20,1.8249128267708725,4
2024-06-21,1.8920723488384463,4
2024-06-22,1.792288092916661,4
2024-06-23,1.5731066728796257,4
2024-06-24,1.3207118067276287,4
2024-06-25,1.2055898420645939,4
2024-06-26,1.1551203587323122,4
2024-06-27,1.15226274969931,4
2024-06-28,1.1534632339312898,4
2024-06-29,1.1560645474597506,4
2024-06-30,1.157014301508618,4
2024-07-01,1.1587330931323205,4
2024-07-02,1.1679343514598852,4
2024-07-03,1.1549443831408512,4
2024-07-04,1.1182902202897496,4
2024-07-05,1.1189199134155512,4
2024-07-06,1.1113105559568077,4
2024-07-07,1.0972658617957316,4
2024-07-08,1.094471611620774,4
2024-07-09,1.0961121922982888,4
2024-07-10,1.0975108305381553,4
2024-07-11,1.099954105928302,4
2024-07-12,1.101760895413016,4
2024-07-13,1.0981559057393244,4
2024-07-14,1.0893899953642483,4
2024-07-15,1.2649111321611788,4
2024-07-16,2.0372734295758197,4
2024-07-17,1.9147989118685553,4
2024-07-18,1.9182876059505825,4
2024-07-19,1.4518122723755946,4
2024-07-20,1.2314797054815791,4
2024-07-21,1.167228028796104,4
2024-07-22,1.1744685351657518,4
2024-07-23,1.1842268917764325,4
2024-07-24,1.2030777955764902,4
2024-07-25,1.1991504030686033,4
2024-07-26,1.1982554171699065,4
2024-07-27,1.19245740350467,4
2024-07-28,1.2074744380133815,4
2024-07-29,1.235614587752132,4
2024-07-30,1.3010869331735713,4
2024-07-31,1.3896559205117935,4
2024-08-01,1.5353681655542057,4
2024-08-02,1.9957234967339679,4
2024-08-03,2.1755693371417424,4
2024-08-04,1.7369654369181182,4
2024-08-05,1.3796060266601096,4
2024-08-06,1.2505031071104653,4
2024-08-07,1.2063685916058835,4
2024-08-08,1.3319595796380579,4
2024-08-09,1.2986307276429028,4
2024-08-10,1.348125720854597,4
2024-08-11,1.2911083681041318,4
2024-08-12,1.303583548667743,4
2024-08-13,1.3314510642189963,4
2024-08-14,1.3282663375780543,4
2024-08-15,1.2893562061602077,4
2024-08-16,1.2900591377726802,4
2024-08-17,1.3065466883264025,4
2024-08-18,1.3079191187804635,4
2024-08-19,1.4213324401748448,4
2024-08-20,1.4646903855283213,4
2024-08-21,1.7115035640589045,4
2024-08-22,2.096164767602214,4
2024-08-23,2.8634109730774164,4
2024-08-24,2.5305777558611924,4
2024-08-25,2.314993087450343,4
2024-08-26,2.5320745497759845,4
2024-08-27,2.7377645902651184,4
2024-08-28,2.5456890631446014,4
2024-08-29,2.155185916822153,4
2024-08-30,1.7372645058321003,4
2024-08-31,1.4352403696102078,4
2024-09-01,1.259852110145638,4
2024-09-02,1.2782623051669069,4
2024-09-03,1.1936542925328548,4
2024-09-04,1.1482728809128777,4
2024-09-05,1.0965917583328566,4
2024-09-06,1.0899719813229276,4
2024-09-07,1.097619541121371,4
2024-09-08,1.1089624889026948,4
2024-09-09,1.1125555127551523,4
2024-09-10,1.1174019645823594,4
2024-09-11,1.1319252194568434,4
2024-09-12,1.111473082027417,4
2024-09-13,1.0809923199749865,4
2024-09-14,1.182756041352965,4
2024-09-15,1.2233895833262942,4
2024-09-16,1.3265094440322225,4
2024-09-17,1.4749085672001512,4
2024-09-18,2.1539499928390446,4
2024-09-19,3.234542816341623,4
2024-09-20,3.1839089566687258,4
2024-09-21,2.535172040905872,4
2024-09-22,2.1143255552855753,4
2024-09-23,1.727035506725564,4
2024-09-24,1.4702668157261916,4
2024-09-25,1.423502261143731,4
2024-09-26,1.3649088246104282,4
2024-09-27,1.2529143010939316,4
2024-09-28,1.2095908245485176,4
2024-09-29,1.1940621346436124,4
2024-09-30,1.226714674133424,4
2024-10-01,1.5235207905137154,4
2024-10-02,2.5805904236472665,4
2024-10-03,3.495122836626902,4
2024-10-04,3.384522037784604,4
2024-10-05,3.289834510594423,4
2024-10-06,3.4097547846900684,4
2024-10-07,3.2156914579683233,4
2024-10-08,3.0814555579969483,4
2024-10-09,2.6850046737442983,4
2024-10-10,2.10864133650111,4
2024-10-11,2.4990770236175655,4
2024-10-12,2.8240172664348404,4
2024-10-13,3.0254930281394423,4
2024-10-14,3.020437279822611,4
2024-10-15,2.4132486367947297,4
2024-10-16,1.9425215768090618,4
2024-10-17,1.751810311379119,4
2024-10-18,1.5136071934530901,4
2024-10-19,1.3724779280275943,4
2024-10-20,1.3160782349278846,4
2024-10-21,1.3427452976756231,4
2024-10-22,1.3669659863298824,4
2024-10-23,1.4628888284853272,4
2024-10-24,1.5213268006223355,4
2024-10-25,1.94432299474419,4
2024-10-26,2.1286451144453338,4
2024-10-27,2.2012489640488413,4
2024-10-28,2.0517061611165115,4
2024-10-29,1.8008929830544744,4
2024-10-30,1.6295593472154604,4
2024-10-31,1.9150090094325667,4
2024-11-01,2.1085676115916185,4
2024-11-02,2.296229087022451,4
2024-11-03,2.4864490661972827,4
2024-11-04,2.6670706268850584,4
2024-11-05,2.7368198808616464,4
2024-11-06,2.799981779979063,4
2024-11-07,1.8782446740979186,4
2024-11-08,1.4350238017711117,4
2024-11-09,1.200829842963307,4
2024-11-10,1.0689789580934677,4
2024-11-11,1.096675805099955,4
2024-11-12,1.1361694048727147,4
2024-11-13,1.17229002448397,4
2024-11-14,1.2188094474744369,4
2024-11-15,1.2080659372239126,4
2024-11-16,1.1986496315462258,4
2024-11-17,1.1962440872337183,4
2024-11-18,1.2128020287166268,4
2024-11-19,1.2303108019303102,4
2024-11-20,1.2407292417589775,4
2024-11-21,1.2196691319810213,4
2024-11-22,1.2185763991025902,4
2024-11-23,1.2258616168395722,4
2024-11-24,1.2246829750985757,4
2024-11-25,1.2493828735331312,4
2024-11-26,1.2516874417592116,4
2024-11-27,1.2410828393197206,4
2024-11-28,1.2444552444598356,4
2024-11-29,1.2328126047104846,4
2024-11-30,1.2434428415194918,4
2024-12-01,1.2419351391635798,4
2024-12-02,1.2498422040649915,4
2024-12-03,1.257275592741698,4
2024-12-04,1.2714381867966935,4
2024-12-05,1.2711531279466755,4
2024-12-06,1.2555568284079286,4
2024-12-07,1.2623904788550862,4
2024-12-08,1.26834327586889,4
2024-12-09,1.2211251390860767,4
2024-12-10,1.2283358321204079,4
2024-12-11,1.227835460163202,4
2024-12-12,1.2310358796773626,4
2024-12-13,1.2357881707890792,4
2024-12-14,1.2368263459728646,4
2024-12-15,1.2397090622495044,4
2024-12-16,1.2404511350708798,4
2024-12-17,1.246411568697013,4
2024-12-18,1.222235862234533,4
2024-12-19,1.2204298606977753,4
2024-12-20,1.2221070899658562,4
2024-12-21,1.220544615052196,4
2024-12-22,1.2215971836287391,4
2024-12-23,1.241690368093257,4
2024-12-24,1.2554215820837535,4
2024-12-25,1.2530478701013341,4
2024-12-26,1.254776231231867,4
2024-12-27,1.268226223694344,4
2024-12-28,1.268706980886601,4
2024-12-29,1.2647916131616141,4
2024-12-30,1.2722373684790338,4
2024-12-31,1.2798819737234943,4
