date,BNBUSDT_PERP,BTCUSDT_PERP,ETHUSDT_PERP,SOLUSDT_PERP,XRPUSDT_PERP
2023-01-01,0.0,0.0,0.0,0.0,0.0
2023-01-02,0.0,0.0,0.0,0.0,0.0
2023-01-03,0.0,0.0,0.0,0.0,0.0
2023-01-04,0.0,0.0,0.0,0.0,0.0
2023-01-05,0.0,0.0,0.0,0.0,0.0
2023-01-06,0.0,0.0,0.0,0.0,0.0
2023-01-07,0.0,0.0,0.0,0.0,0.0
2023-01-08,0.0,0.0,0.0,0.0,0.0
2023-01-09,0.0,0.0,0.0,0.0,0.0
2023-01-10,0.0,0.0,0.0,0.0,0.0
2023-01-11,1309.4626095483993,4451.887586846147,3339.5737122542737,63.49868859335548,-835.5774027578226
2023-01-12,1804.6925590276974,1769.1301241923907,5724.77458944359,259.40513388487517,-441.9975934514474
2023-01-13,2293.8050118718106,765.8526419485822,6015.322360666388,477.0086757860387,448.0113097271827
2023-01-14,3581.2984135476245,-1224.1565760509927,1526.5089704946759,108.77992965694142,3187.3835443137295
2023-01-15,3124.657297569449,-247.1426863962795,3151.4006320908516,238.81154108555737,2296.5808542839395
2023-01-16,2388.179565459063,860.9114972396846,3687.5979876902693,457.7789350833475,2605.5320145276364
2023-01-17,2246.7662106017474,1185.696755811452,3187.7831808928013,486.2520360095877,2893.501816684413
2023-01-18,1133.2321716152776,890.8162777624832,2611.714575552703,448.79091010090275,3070.8010156856017
2023-01-19,1412.6665140296157,1242.527841318264,3964.7980674745704,469.9991494083636,2910.008427769187
2023-01-20,1379.9780536289668,455.24952515595544,3780.067152909553,560.6074399162924,3824.097828389233
2023-01-21,736.1761155266221,1205.6639373315704,3876.4642664237685,593.0297403438544,3588.665940374185
2023-01-22,581.0511025516258,1621.2153196932131,3785.3679388709147,621.4582266688046,3390.9074122154434
2023-01-23,594.1158313711669,2101.2396559932686,3532.723620509304,671.2786623983458,3100.642229727914
2023-01-24,346.40800797865825,2579.3944466939224,3532.723620509304,657.0475408230042,2876.5370014504074
2023-01-25,476.582468399277,2768.534343585081,3148.8695117456355,686.188881293009,2919.8247949769975
2023-01-26,706.3295575907928,2909.1031316376316,3019.3842451498062,711.9067599492207,2653.2763056725503
2023-01-27,935.6796434182966,2963.612782712043,2764.554888698098,704.5838534899782,2631.5688316815836
2023-01-28,1071.158343740912,3066.4300454841073,2665.475071058696,693.5767871796082,2503.3597525366786
2023-01-29,1182.4890508207002,3099.9102639978482,2466.730305159998,776.6284884872654,2474.241891534189
2023-01-30,1327.7710601291972,2783.5619173491045,2891.4107384809067,826.252771034568,2171.0035130062242
2023-01-31,1487.707753459877,2860.7885117559263,2808.7476594551995,794.7098589088803,2048.0462164201163
2023-02-01,1617.808652438625,2828.6114191509955,2670.806989032775,810.3027834613855,2072.4701559162186
2023-02-02,1163.1348924159563,2910.9231909199148,2935.453765403469,791.7102132032704,2198.7779380573916
2023-02-03,1400.1983760436613,2787.7603853627334,2811.9533968908336,791.7102132032704,2198.7779380573916
2023-02-04,1664.6985148155914,2670.577288764163,2733.400042288123,748.2684791780641,2183.055674954061
2023-02-05,2126.7516787786208,2533.7498555294756,2840.450513230538,737.6926107726382,1761.3553416887285
2023-02-06,2440.9138150957815,2471.598054826275,2990.628677062468,626.7679736751456,1470.0914793403329
2023-02-07,2606.8922785373393,2448.9680934059643,2956.8395522268033,640.0190279779421,1347.2810478519516
2023-02-08,2773.1955922631555,2382.9133545684685,3075.526041928388,595.3994076966533,1172.9656035433354
2023-02-09,2155.5060270813237,2171.192634645853,3606.7833538023265,431.163357339199,746.1141931812992
2023-02-10,2001.3724866299942,1528.0510068928488,3126.873609078888,104.35959025155933,1239.739116617753
2023-02-11,2707.959743357703,2551.2074449173674,4473.44405963801,-28.99593313223869,238.39281895468207
2023-02-12,2942.7168363897113,2961.812479549706,3626.709963906455,1.7763568394002505e-13,468.76072015412717
2023-02-13,1971.7739669257328,3255.8289404580532,3050.4942891212304,-107.98498352583024,1613.9178199691542
2023-02-14,2021.4636684686068,3140.0147787608284,3596.2024276673583,-107.98498352583024,1134.754587369749
2023-02-15,1869.1026255097702,3409.38156775205,3548.049375077846,100.83201080279434,1072.6344208575395
2023-02-16,1678.1518544077937,2081.1046452305955,4925.54698570994,42.24150843396819,328.68126351835326
2023-02-17,1432.7752974998227,2257.133881898025,5110.958658487028,132.04286939580172,101.08500460539338
2023-02-18,1300.6521140300586,2560.5215208735394,5207.829127742078,275.0966747889001,-176.0571496288742
2023-02-19,1047.8043426207712,2560.5215208735394,4922.74642775502,652.7103899882914,-817.7039164706244
2023-02-20,951.3283992146652,2843.5821146437706,4886.981357341244,1229.7365368143908,-88.37159198592894
2023-02-21,938.8785523301898,2869.5416426644833,4302.751211840232,1321.213138358846,-437.16069207777485
2023-02-22,1028.731080882935,2789.3485555421776,3869.8031306734933,1274.704217241766,-521.3776469339728
2023-02-23,611.0327434502394,3639.5017390119433,3895.018839495373,1029.5038334714345,-824.9428445710103
2023-02-24,354.02386075829736,3799.286930985212,3689.6234373532952,731.6324533303896,-1425.4333175728061
2023-02-25,376.1854659576143,3998.0131189669773,3414.593852994576,491.18499649906084,-1720.022565581769
2023-02-26,718.8705894311189,3678.262943929266,3627.0875842945575,456.5735003477768,-1519.2053819972798
2023-02-27,449.4036733466054,3643.416400503423,3582.373528951002,317.0036356065905,-2007.8027615923766
2023-02-28,405.649216875032,3541.681999506902,3466.50683004355,101.62055503210428,-2484.541398542413
2023-03-01,447.21944610140804,3580.626546233597,3432.48588096813,24.796771973681246,-2514.871354723186
2023-03-02,697.2932163096015,3435.4386009706864,3117.770247362883,-87.12657822250176,-2662.3713571343255
2023-03-03,291.3048438359321,3279.6005988767756,3145.6179990834394,-282.6663934223145,-3000.8101647815383
2023-03-04,127.98116533976528,3192.955953737757,2836.8907452728827,-490.16052756464524,-3352.01160808495
2023-03-05,-292.5386445549724,3040.2576582033257,2623.618775640642,-692.8217572060713,-3352.01160808495
2023-03-06,-585.5497706285729,2955.557200621039,2504.4406799756853,-897.6800864881843,-3056.77226228652
2023-03-07,-477.3265204002338,2955.557200621039,2514.8803316108215,-1143.5896823719065,-2916.0098187438875
2023-03-08,-1117.0358279120192,2755.080221358649,2286.4414902979415,-1414.1126408365974,-2427.329819594793
2023-03-09,-2069.594212267513,1471.0706124029005,1216.4275999896665,-2057.3442891652585,-3185.5632861746617
2023-03-10,-1753.6882924660244,1632.3158463361874,875.6619050991965,-2456.852927064768,-3281.4810290338223
2023-03-11,-1464.0592850423373,1259.6424036066069,651.4099035941092,-2776.602405496876,-2365.6700234050863
2023-03-12,-845.1411884881667,1863.966501112157,1560.37160914919,-2798.9492846081325,-1389.2901290428488
2023-03-13,-303.6943120388538,2842.8534866991245,2739.0286988099215,-2859.470763879169,-1058.9641468920777
2023-03-14,-493.7251824910849,664.7842537367942,2874.5105235165183,-2750.9434717005497,-1854.9823415029175
2023-03-15,-1006.762972188671,-1587.4969785678072,-203.59661138185174,-2549.262663426883,-3826.6480381685496
2023-03-16,-334.1183275336613,-1018.2729168387634,-1.4210854715202004e-13,-2607.331757697065,-5155.641605970769
2023-03-17,3555.188017167755,435.32115419759634,1522.443610610409,-2007.436934309288,-1926.7299276612794
2023-03-18,3408.059986272225,886.6097262943636,1639.506174391825,-1600.686468842012,-2465.1376441995735
2023-03-19,3572.098939790732,1412.2254100002588,1902.5207629644042,-1203.0144846607823,-1910.1404025838247
2023-03-20,3528.0846818264713,1758.607223594332,1748.387697170492,-881.2003003689408,-2083.720097039765
2023-03-21,3528.0846818264713,3079.315423443599,2343.492260068484,-543.1146986149815,501.3057527488754
2023-03-22,3127.6587792914506,3057.078231834681,2914.9152493246884,-500.35646603612025,399.99127351305907
2023-03-23,3003.457711199615,2894.424541029144,2898.6890364355877,-277.40434908764956,926.0243622480032
2023-03-24,2968.6942311825096,2881.118737001222,2633.5786171560044,-408.3810213920593,1108.2273932682037
2023-03-25,2796.5369306905654,2743.226110425744,2699.8438140349203,-469.1819614259661,1291.2111834228024
2023-03-26,2769.4508895686567,2682.362266075554,2633.851948096844,-438.5742159131268,1475.760680345818
2023-03-27,2187.759522919946,2763.793879969113,2710.771976135984,-653.4789825709885,1684.1956384039675
2023-03-28,1994.6054402128548,2803.5376099558466,2751.5733767472766,-700.1394993575128,1750.1440737265082
2023-03-29,1526.4357361688792,2965.5203030231564,2930.3187001617102,-670.122381650476,1907.6028789957772
2023-03-30,1206.48632782729,3047.7706770258355,3077.659384877045,-732.2436765507113,1935.8399337191192
2023-03-31,1236.2428467818454,3086.4640047494145,3112.0898997302747,-607.2680512087222,1957.9351975297432
2023-04-01,1294.4641799397139,3137.4647309033016,3164.94858832825,-617.5328814844312,1785.5896193443018
2023-04-02,1143.9903870449832,3137.4647309033016,3145.680519318033,-713.463369066701,1852.6151231198269
2023-04-03,912.0983058773493,3195.2730648420697,3304.594367336221,-800.9576599670897,1787.076601977271
2023-04-04,816.9395316178465,3248.566285163063,3318.416463261462,-792.8498091362646,1823.2279108213622
2023-04-05,428.5681170838868,3372.483411296619,3480.7959004369795,-814.1515309242927,1904.001040258224
2023-04-06,56.29766439732862,3532.821703435989,3509.215664723665,-905.0622256086186,1996.6027418343983
2023-04-07,6.394884621840902e-14,3519.23806884121,3495.312784418469,-947.6020974013284,2037.8470493389925
2023-04-08,-303.38812149875076,3379.7617571075903,3305.353272006983,-1101.0102206165936,1910.4866287700816
2023-04-09,-490.84946742053165,3299.4081107950547,3217.951444835471,-1140.0169998109855,1851.7739771379572
2023-04-10,-501.07951546542495,3224.2916404374255,3284.0993313146096,-1061.5374586061075,1928.99205417643
2023-04-11,-408.84784715318665,3605.1617171461667,3556.2429954644645,-300.19463161928513,2129.5528086168956
2023-04-12,-361.15206580010425,3532.413206564579,3603.0391625654397,444.0307588030905,2059.3648062667853
2023-04-13,-170.81842854373284,3398.371029779773,3230.7285056242713,1212.5406691433363,1987.5413669088846
2023-04-14,-60.761807341587684,3235.460547190491,2979.588359067816,1807.5802510196054,1916.609035380499
2023-04-15,184.01572603298584,3163.8585386033155,2919.024801499024,1849.820062688113,1883.280871176558
2023-04-16,552.3702502406584,3019.7025279086974,2821.1770572870428,1802.864399260207,1803.8857653033938
2023-04-17,698.1485552838261,2882.2679066771007,2788.4859418637907,1785.1906586526604,1845.90693752262
2023-04-18,941.7298647629399,2767.2131971862927,2753.623510927672,1761.0344760170515,1776.3989511060438
2023-04-19,274.7318741360283,3181.3351078049354,2594.608397634437,1913.484087758381,2035.840532666215
2023-04-20,0.0,3226.353645326903,2887.4179074631156,1747.0420580159926,2139.186389193986
2023-04-21,-34.36382694459746,2657.981311236951,3073.0502198115487,1584.052172286453,2650.5524697204473
2023-04-22,536.2701091641052,2228.5992921982647,3352.0177327202396,1291.081832636064,2592.0310332813233
2023-04-23,1466.6882170925337,2370.4350421175777,3059.715346866644,824.2629586727986,2278.8984352504417
2023-04-24,2270.819139402899,2281.3060135185456,2834.702488030443,490.01483497030796,2123.1575240778
2023-04-25,3204.7974086758004,1897.1825516565182,2327.5973126074655,454.0473812044383,2123.1575240778
2023-04-26,3143.044459955785,2068.074254195074,2429.9028380515247,190.71568784746796,2168.262759950145
2023-04-27,2875.3723858086964,2289.3503866831456,2612.972923003481,295.36192453879534,1926.942379965878
2023-04-28,2817.5945734433017,2135.874737816404,2229.9556061973085,620.9509632949508,2195.624119248031
2023-04-29,2527.705522869383,2337.314124282024,2176.25331797991,805.3918375942433,2153.3351972744376
2023-04-30,2592.7346385172386,2875.790639404079,2176.25331797991,888.9589402434299,1460.870076155009
2023-05-01,2491.8791587886085,3316.6477654649466,2640.6947255127325,658.1397284015911,892.6386218321181
2023-05-02,2483.0335845205364,3821.0744789632195,2416.0042787098832,728.575350677827,551.3123071285308
2023-05-03,2560.741698314189,3514.9777445513573,1948.789385649542,691.6042213672536,1283.8869501176557
2023-05-04,3284.0705615654147,3610.7445301344064,1441.938554808858,553.5356032393124,1109.7107502520053
2023-05-05,3189.158603459221,3636.6109524040367,2014.3896619945313,926.9454202447682,232.8953618974399
2023-05-06,2662.6762240362013,2268.118952312753,1654.790808193612,654.7824975916287,98.13408612803241
2023-05-07,1767.8982360502212,2537.8491881858467,2389.6408815683753,326.4051271958958,-299.58380876950014
2023-05-08,966.0008239293525,3221.9239781664264,2669.3296540695605,-548.8586536050236,-1.0800249583553523e-12
2023-05-09,451.69151698828864,3104.255375044697,1637.3333643488927,-1029.243387233144,1174.0932029607939
2023-05-10,-35.22250355364304,2978.4158590387347,1774.2951186952848,-1422.781047140828,748.4270478156011
2023-05-11,-1125.4728998779763,2163.246638825105,1999.5936064052594,-2191.7610934890554,34.03524900553077
2023-05-12,-1891.9343570993694,1890.1497513875784,2891.231765695122,-2428.5884442763913,-337.92148777068303
2023-05-13,-2417.8525815344906,1506.5498095066703,2683.325524141913,-2319.9004708106927,-1072.3716140062347
2023-05-14,-2632.46253239096,1388.817087870211,2208.7547783258356,-2156.6951529712296,-1613.270448441764
2023-05-15,-2431.899156532932,1818.3469676756197,2288.6201510988258,-1825.825763581061,-1635.3079611115625
2023-05-16,-3196.6720131940497,1128.1181643315567,2763.697537915165,-2286.379854705773,-625.132429853457
2023-05-17,-3405.8341400164227,336.8086612387468,2855.820677731805,-2286.379854705773,-1112.8252930329818
2023-05-18,-3627.7426993951767,-1488.7894398130493,1667.1780783072181,-2434.792124548201,-781.4976579363563
2023-05-19,-3941.236848973763,-1169.1194240005316,1012.9124321735175,-2589.364832557394,-1287.366462294794
2023-05-20,-4221.819869909212,-338.9121748487876,1313.6833743453703,-2950.506678495506,-1175.0779024011256
2023-05-21,-3715.0762912679847,-845.3965396006515,1270.499864762905,-2705.226843006038,-1463.8004613624196
2023-05-22,-4072.084501987084,-435.2774824601492,846.3092815050131,-2963.8461318132217,-1682.482602234532
2023-05-23,-3642.316488483965,-1904.568079720612,498.8998021851149,-2857.3914802092045,-1096.824149401103
2023-05-24,-3745.8999269684205,-1952.0477358927417,168.16777929817454,-2697.5333610630005,-1436.3511967776622
2023-05-25,-3461.143218240861,-2689.296186901851,373.6036710787753,-2383.422710120667,-1092.5342136578452
2023-05-26,-3540.1529395152634,-3285.6713116962856,-29.717458438067354,-2468.418212581798,-676.0400777685884
2023-05-27,-3252.1159262231185,-3270.7603810654564,432.4095205660288,-2430.0884685563806,-614.6257035890148
2023-05-28,-2877.251294954586,-2758.852820527115,1660.7617996772403,-2404.6491885370833,-298.4848963039739
2023-05-29,-3048.9180084762224,-3215.3408851763115,1003.6180032444522,-2602.2384983884513,129.88460471456085
2023-05-30,-3080.1657756236373,-2595.3966497036367,793.5150034165257,-2400.566054558932,1130.356516697263
2023-05-31,-3059.7832144266586,-1969.7941978118042,1094.1430565339328,-2090.993269120454,1785.286262107149
2023-06-01,-3307.5487207916713,-2221.844803623852,460.98351868594295,-2072.9455491886565,1936.677407709876
2023-06-02,-3214.7783864745343,-2341.1797954295107,475.1966696832811,-1658.67062904786,2310.1745193648103
2023-06-03,-3227.376772675546,-2424.537622878173,664.9243077080523,-1298.4444126238009,2384.7168841144253
2023-06-04,-3227.376772675546,-2601.5579846661067,1010.3209220397835,-722.4420404958727,2441.059742210129
2023-06-05,-2444.00155426382,-3393.4490982191405,875.226290200932,-998.921780787616,2288.40127652849
2023-06-06,-2990.355865334037,-754.6877060881475,1871.9329475712525,-1102.9430319734413,3280.080449033121
2023-06-07,-2893.768229135804,-1405.9703026235657,920.6390619511245,-1578.9144195010497,3200.7079867884545
2023-06-08,-2972.024988805014,-1041.7942085153,593.71196370608,-1907.2500825005081,3485.2187564730966
2023-06-09,-2876.0910744373173,-1199.6770503192972,475.41524845346805,-1968.8710775697477,3485.2187564730966
2023-06-10,-2771.9111251919644,-1485.4388087717577,-161.8152354923983,-1949.4700392148332,3631.364791329048
2023-06-11,-2571.4360513181714,-1430.4201363348209,-446.8575933665953,-1923.2032390310192,3631.364791329048
2023-06-12,-2139.9652717055237,-1430.4201363348209,-1357.3067344581991,-1723.7693812154157,3351.532473852324
2023-06-13,-1830.9534640073098,-1867.9915278059775,-1790.630183633029,-1539.7350854513875,2970.6897391023003
2023-06-14,-1842.5859303879038,-1670.116099651221,-2248.2297048736505,-1666.5902676791536,2572.477997408076
2023-06-15,-2146.7120042903753,-1543.25135743465,-1348.6863115846522,-1956.9833952724812,3004.3669314178437
2023-06-16,-2714.1802451107365,-517.0879097259194,-635.6321617265288,-2447.147536713127,3685.952146723692
2023-06-17,-2464.4795844561922,-1515.8390683890566,-705.0028111104797,-2124.319249838566,3190.359286205708
2023-06-18,-2511.729650342743,-1617.9651998491802,-652.1830939421245,-2059.827552560735,3158.29450330522
2023-06-19,-2541.946370101382,-1281.6832803214725,-986.2157033387817,-2048.1785852453017,3141.976060993065
2023-06-20,-2911.8299064856797,1130.2022590818246,-128.29338795670162,-2318.7037632953875,3510.9706831804097
2023-06-21,-2555.381702618155,1574.963021695999,795.5056832864196,-2023.1374825524708,3051.012109846953
2023-06-22,-2799.7151879694848,1525.9868050844573,62.44949382498919,-2194.626236497049,3417.2222766240184
2023-06-23,-3016.857011336579,1647.1249471022275,-36.22558235493685,-2368.578258158883,2931.2142010473767
2023-06-24,-3337.4262875519807,1887.2155814680243,-196.92968861214194,-2642.1029121249903,1936.3255302428656
2023-06-25,-3565.4631457925598,2005.1851618727137,-653.2095303362253,-2837.48638015163,938.6557818468734
2023-06-26,-3814.3659123706548,2049.797230422355,-922.1044140890931,-2877.9374303546124,335.7950127632872
2023-06-27,-3996.5944017596366,2347.836298054327,356.77478890446855,-3000.8916350888835,297.9028761926821
2023-06-28,-3723.937843097844,2413.9840980360973,202.8486764277751,-2762.97399967398,-896.2553827643032
2023-06-29,-3593.8928887803686,2711.563198512224,678.5361442890635,-2410.8539462030094,605.1538222153335
2023-06-30,-3897.0807619878897,2909.77145314883,791.3849890843733,-2342.809664009587,-58.953131769320635
2023-07-01,-3662.3333680070373,2959.388326152733,368.83472182038724,-1850.37494563472,-1159.0686383851232
2023-07-02,-3599.3911101974045,3147.4936094890313,221.35076562858262,-1265.7842077393166,-1765.9803069456657
2023-07-03,-3430.617042064737,3402.8695658587817,305.417111808162,-821.0752149127916,-2040.021065355528
2023-07-04,-3325.5957015785807,3341.819969296548,378.10244597548876,-547.7902273360808,-2406.6916558133003
2023-07-05,-3372.164512794528,3281.8573759507117,307.1942682379813,-359.1277748187645,-2679.6560681980145
2023-07-06,-3390.0972234948376,3294.0547033873095,-586.3405636771237,47.53632916532388,-2679.6560681980145
2023-07-07,-2503.993925407537,4559.703597344471,104.59270734033203,802.881779549997,-2028.8279903576652
2023-07-08,-2142.8644928144527,4000.006038772699,960.5619512269062,1316.9317958208114,-1579.6357213651306
2023-07-09,-1968.8057938917,3656.634499709039,1249.3446920412903,1399.296167123753,-1725.9188472342175
2023-07-10,-1632.2426192426747,3720.0991952662903,1397.9798460591842,1545.5417247539076,-1704.1366146779442
2023-07-11,-1117.2005424465824,3891.2722158988745,1257.1828984309075,1887.0769589105084,-1847.2673843131283
2023-07-12,-789.3041588783797,4190.579236120091,790.0794324849126,2049.5351266631233,-2180.502045853493
2023-07-13,-251.17744251482065,5058.2791364307095,2505.7356885964464,1955.461772177592,229.34596028043052
2023-07-14,-128.0498647622723,5419.1775909589105,1858.9959162026958,2545.41743708183,-48.35919099429344
2023-07-15,-1.6200374375330284e-12,5330.102579666696,2065.9569525683123,2571.0260157366088,32.91445202838145
2023-07-16,-1.6200374375330284e-12,5135.233935860851,2262.6317224384984,2466.094342400511,136.03999930013853
2023-07-17,-1.6200374375330284e-12,4907.514433802674,2632.0464260492745,2258.659227381474,201.7799127665736
2023-07-18,-53.19402917514429,5212.830102971226,2151.9570235567912,2197.2267875809193,384.7920567159181
2023-07-19,-180.37278148111744,5278.422156950662,1451.8590421552312,2487.1604651615867,602.1855542514007
2023-07-20,-762.7206816016912,4857.155628528828,1307.6915302923499,2347.1772429845505,725.2549165925784
2023-07-21,-1050.8356243021717,4714.833269190299,1588.6214097787615,1950.7691815727494,694.9405151560187
2023-07-22,-1282.9406778453351,4560.476488393695,1788.68233406381,1721.6504425809053,646.2500571162552
2023-07-23,-1448.4595005594413,4233.71192203431,1951.7269692645452,1702.3186662634446,663.7829418782586
2023-07-24,-2138.7883948834387,3192.083445514152,1784.214141840144,2064.5372234661863,820.3767942960774
2023-07-25,-2998.938026103308,2508.4303139907015,752.0934672588864,2609.772761722596,1130.7654309245067
2023-07-26,-3760.7694820493007,1474.2323779945261,-291.6056436140718,3112.6851134651374,1360.7073828769653
2023-07-27,-3276.4400938411827,2122.429587801754,-816.0631524137627,2637.5996772191356,1147.4674887241667
2023-07-28,-3624.0779013260417,1512.087521851527,-908.3154280941349,2858.878054229933,1096.6410944983659
2023-07-29,-3814.618663525914,808.9062732906779,-1107.8148849171318,3197.2135957855935,1071.446582480684
2023-07-30,-4147.235340169911,749.6961837259482,-858.2064995749313,3236.452455466416,1008.409521062795
2023-07-31,-4309.271418212558,659.0258468910171,747.2584572560604,3341.7434739194014,942.7008037209598
2023-08-01,-4483.801066257747,315.90309254538727,158.66987650263013,3805.0223129160045,1236.6036517782281
2023-08-02,-3153.537294127778,-1672.1892025963161,-1900.997945713256,2514.451507186107,758.8240503765439
2023-08-03,-2450.080314151986,-2452.1317954894785,-2841.195467185246,1713.3073013650646,543.2851218082276
2023-08-04,-2189.6484288552415,-2880.159970506939,-3187.752432512912,1433.2114498883877,309.22771823652147
2023-08-05,-2057.7367368706014,-2931.5170018930144,-3589.1422809435985,1229.4096207070859,192.1943595857013
2023-08-06,-1836.8133906762018,-3405.2702375346284,-3483.336284408777,1120.0847573338935,154.49533004650175
2023-08-07,-1666.825170869292,-3361.836981497461,-3975.238283211971,965.4830434331335,30.616520988144387
2023-08-08,-1703.2108595916682,-3121.2106448377326,-3986.550867490813,1154.432882918915,34.59474516087374
2023-08-09,-1790.2091158710443,-3063.460456892322,-3501.6285327909764,1449.379161080096,195.32273336556324
2023-08-10,-1704.9274402365932,-3030.78123744902,-3624.137675490802,1567.4920594838538,72.661587339732
2023-08-11,-1704.9274402365932,-3566.581118249707,-2623.2261014739543,2059.9876153447376,-43.611772723376404
2023-08-12,-1478.2785571216,-3815.717342590631,-2245.164498781105,2300.18683720113,-160.6527643055383
2023-08-13,-1441.6548690210846,-3745.863239459394,-2303.127838659699,2268.094861899651,-241.25919096017637
2023-08-14,-1298.7858563431732,-3404.022478437865,-2926.3062588474213,2109.5419662009026,-261.343440170642
2023-08-15,-1311.4347741893139,-3566.8583089485255,-3324.213063402209,1476.8864743345107,-320.6073791254458
2023-08-16,-1083.1200864811728,-3918.921476794286,-3807.9742689481413,934.1504484999554,-255.8337192764485
2023-08-17,-1570.950442425824,-3674.75514102098,-3699.5585009629463,580.8126796805946,-473.9232359096594
2023-08-18,-1921.5584189931021,-3620.4990205069334,-3699.5585009629463,348.2494996635693,-414.1924356208417
2023-08-19,-3011.7640276649463,-3620.4990205069334,-2640.4712061063356,326.9697853097317,-403.2667923435632
2023-08-20,-3751.787557202269,-2286.1769992350055,-3474.064406689681,174.898832190752,-313.0722046822972
2023-08-21,-3188.2464704424656,-2219.072725628238,-3884.2224890601897,-187.54541233343133,-520.9129025356783
2023-08-22,-2754.3027111658353,-2423.9499026504927,-3730.9053332212475,-696.5991735853142,-394.242879377115
2023-08-23,-2782.1269640131286,-2584.0139241924744,-3598.146717836896,-611.3655556663506,-424.34683829115505
2023-08-24,-2906.9738870047267,-2690.2698053233207,-3394.8737770969465,-678.2445346988957,-329.63799587611425
2023-08-25,-2972.6693027330075,-2700.808944618377,-3122.7117856669074,-755.6871648856688,-448.12280209604364
2023-08-26,-2943.496615567975,-2763.9975782697575,-2961.4915144888228,-775.2260828347604,-555.7882088386892
2023-08-27,-2932.8108035486102,-2791.272856580227,-2836.4386756261606,-714.0888145355071,-725.3888497094999
2023-08-28,-2813.5238046415643,-2808.3238823800275,-2724.7535207187957,-889.0366525226077,-764.3621397370092
2023-08-29,-3882.315123396098,-1029.10986447637,-3486.285785374514,-869.6169396974446,-732.6722870555786
2023-08-30,-3934.326291944334,-596.7832300217506,-3234.197963815717,-1132.4625270642657,-1102.2299871539396
2023-08-31,-3759.693397896328,-537.9231211443971,-3059.773338208189,-1312.1561251972855,-1330.454017553806
2023-09-01,-3395.4337751508665,-1151.3224088596507,-2878.312459336691,-1416.7600559952657,-1158.1713006575335
2023-09-02,-3504.8756810791997,-1057.5212385954371,-2897.6446030490365,-1646.6921745405878,-893.2663027357444
2023-09-03,-3407.1707320727105,-1121.0746431951131,-2897.6446030490365,-1809.5288548548529,-764.0362183553833
2023-09-04,-3296.1425177748392,-941.3662783810069,-2879.399754916016,-1940.5511941408472,-942.5402547872961
2023-09-05,-3169.236141889025,-1010.4307974857708,-2838.2208406773675,-1752.3440545840094,-1229.7681653638326
2023-09-06,-3054.6066047600875,-1099.1399634855331,-2819.4495211278504,-1779.4750332801777,-1247.3288773463573
2023-09-07,-2707.8360178574626,-1032.3706171344597,-3176.862843844863,-1684.9735952488447,-1397.9569259143757
2023-09-08,-2693.09024500745,-794.9517638484498,-3571.673606908631,-1629.5687097362133,-1310.7156744992608
2023-09-09,-2582.0897345453636,-805.282652976022,-3609.3363655986504,-1564.314039691228,-1438.9772071887403
2023-09-10,-2663.049736542631,-877.5768685332083,-3695.6544534235527,-1273.3973124125664,-1490.321629088049
2023-09-11,-2805.1473223920125,-1004.8840228242026,-3292.6599711921317,-1455.6801473387377,-1441.628536252921
2023-09-12,-3057.624235095776,-791.984377305666,-3159.286007680774,-1802.7570552293687,-1188.3483246884223
2023-09-13,-3137.5039312630915,-550.2616612478419,-3165.830792921835,-1925.9656377240858,-1220.437976843151
2023-09-14,-3243.1547860419514,-223.82842668632014,-2909.549447830745,-2040.5915557107376,-1582.8757837302514
2023-09-15,-3205.4145364159554,96.82004780894852,-2733.700200160951,-2083.2512236424736,-1880.813991971679
2023-09-16,-2854.57958819124,330.01699316370525,-2964.4105384815693,-2008.2985546680193,-1842.694325495474
2023-09-17,-2644.816190794377,519.8926617948058,-3019.578969544846,-1971.6183619480278,-1842.694325495474
2023-09-18,-2532.398265463312,851.7224638120856,-2996.136304489741,-1689.1716952816919,-1930.5712709531765
2023-09-19,-2426.2536564641173,1441.8196602616654,-2479.911401285235,-1623.4358373984373,-2028.5794445905499
2023-09-20,-2254.184581860558,1779.7109659465536,-2800.4241702791305,-1273.3003028652506,-1892.3799790485123
2023-09-21,-2159.269486810696,1629.253462651369,-3184.6702920090893,-1216.1570933629887,-1810.649665165863
2023-09-22,-2069.6751076731,1557.1480607440258,-3284.9197975250813,-1264.0764432897654,-1824.1805907680355
2023-09-23,-2089.4197387025174,1234.6604118869536,-3442.66059578857,-1378.7774286017952,-1854.4818250201708
2023-09-24,-2194.7837910059634,816.2122794623183,-3586.685442351625,-1478.9289063572887,-1923.3895808228112
2023-09-25,-2363.289015311654,144.90512534271534,-3831.489205024362,-1554.7042175853026,-2105.612436735974
2023-09-26,-2285.6166456992155,241.73416356926555,-3853.948667749799,-1554.7042175853026,-2062.323545043345
2023-09-27,-2197.4062423984524,-539.6401042314383,-3786.050122436515,-1589.8969399340403,-1887.0065909995592
2023-09-28,-2050.6304325728106,741.2445725194532,-3779.9183061477274,-1366.8083219934506,-2061.3983667665675
2023-09-29,-1964.3840685881648,1619.3722586235576,-3217.8833020872357,-1102.0539331199068,-2096.3064375811423
2023-09-30,-2314.660559113653,2121.8120602338895,-2450.510234796409,-493.1057999630357,-2619.9113458930233
2023-10-01,-2405.679795584442,3607.316378146372,-330.86146786646214,751.599653869619,-2904.5427045331144
2023-10-02,-2188.1921238198006,3187.603506062117,-943.033984788431,1051.8725631023103,-2629.2978222273505
2023-10-03,-2231.703890613204,3106.7643970942077,-924.7946671079765,1671.0471930800677,-2065.6898521045537
2023-10-04,-2188.139509118813,3163.181193311467,-933.7513394961986,2030.7255463334136,-1684.2024117401158
2023-10-05,-2044.6696025249255,3734.1123229964774,-996.5586858063485,2003.6826759441153,-1220.9767127281411
2023-10-06,-1819.3389660847859,3787.0763937470433,-1595.9788618536486,1846.8678101277935,-950.7379681867371
2023-10-07,-1833.8676756087693,3706.3967290362025,-1847.5728666214143,1846.8678101277935,-765.1988689845533
2023-10-08,-1741.0905182473894,3305.847914965952,-2428.480974471304,1684.1439016422605,-840.4366906731034
2023-10-09,-2093.3195031896303,2751.702795645508,-2823.7863214510057,1652.455126749697,-678.7362529641673
2023-10-10,-2338.950756070498,2325.638324746057,-3073.06575515973,1819.2061339195736,-443.13903010414816
2023-10-11,-2746.6123965550296,973.8325210951782,-3474.5067738842904,1913.961242502398,-891.0870659631128
2023-10-12,-3092.856316063549,-206.65889241140826,-3669.298919480396,1565.0768327447295,-1466.1090392999236
2023-10-13,-2947.7484869620507,-154.9084519848146,-3453.283763337538,1387.4491332756616,-2056.6101644399405
2023-10-14,-2815.1077807304832,-15.787929524671853,-3353.4353521997823,1471.4113119991741,-2344.2576255458944
2023-10-15,-2560.92436851208,287.08114124765905,-3333.4885287693637,1316.2867922677394,-2502.2191692031674
2023-10-16,-2119.744675098842,805.9680581915205,-3224.792366379019,1336.4366398046875,-2513.0582605259397
2023-10-17,-1785.2688093595762,1661.6162245487658,-2835.6053189338313,1419.249219072835,-2298.2604280849987
2023-10-18,-1600.4648713737504,2318.934971514808,-2684.970680815942,1235.3789155584927,-2160.250560737014
2023-10-19,-1492.1449549958706,3097.8271750850345,-2784.62817212617,1458.908824029325,-1166.4908737636067
2023-10-20,-1521.1758570751715,3097.8271750850345,-2876.16346358675,1497.4979723557522,-1005.7140748534557
2023-10-21,-1446.0405894344835,3397.037182990091,-2804.092274510768,1562.8036718029825,-790.0262812616822
2023-10-22,-1335.4581188751445,3914.1823269709594,-2139.6615192426284,1756.2661026236497,-854.4319322876279
2023-10-23,-767.5717201763948,4477.520334703968,-678.099659844471,3151.046319864042,-925.7619654111345
2023-10-24,-384.0891150605711,5649.346133486846,-389.2456169412322,3349.137015135815,-228.18211937554474
2023-10-25,-308.2936681138451,5569.344849637618,104.19127193272874,3589.812348344235,428.35786197157756
2023-10-26,-283.63034016815584,4523.2472756216075,786.8604470472596,3509.223160252445,897.038776910537
2023-10-27,-5.059064278611913e-12,4523.2472756216075,1314.8883681646312,3374.3279087452493,783.287125974732
2023-10-28,660.1562667392793,4084.258475767194,1564.594909845889,2932.1953192792967,758.7950283683349
2023-10-29,1094.3589366578703,3554.3197604091138,1755.177863461279,2583.0275047460577,1013.1159347256754
2023-10-30,1266.6802570864522,3107.595984842062,1930.3108458235686,2287.8941935478842,1407.5187187000279
2023-10-31,1233.1003446610248,2959.859657683211,2180.0139673079257,2070.059310245052,1556.9667201027803
2023-11-01,1388.0575037794836,2645.0612325925063,2271.4785096947376,1846.935507397899,1848.4672465353674
2023-11-02,1372.6297044887986,2665.1548187703993,2089.5320492667197,1835.0706157065804,2037.612811767497
2023-11-03,1381.2053714192703,2508.2095036159562,2182.923605591524,1682.5225797887124,2245.1389395845317
2023-11-04,1325.2208867537636,2464.265530808901,2371.721523931835,1641.8614261295718,2196.9306323759224
2023-11-05,1563.7683750086373,2464.265530808901,2634.5943457552353,1528.7160112316433,1806.8238762584283
2023-11-06,1435.5272026390958,2566.360303252492,2758.3653156349865,1629.0100367837626,1610.7371416896572
2023-11-07,1145.7852111194438,2761.3054330585173,2857.8587939412682,1770.6223978200558,1464.4281640607103
2023-11-08,1140.841771822061,2773.070086030373,2853.188758359856,1770.6223978200558,1464.4281640607103
2023-11-09,1519.2588101939393,3282.955048310528,1365.795074534927,2189.3683175123624,1642.6227494482368
2023-11-10,1809.393221924538,3517.340645459579,1545.6348522152812,1416.935381243036,1710.6958991575596
2023-11-11,1789.684297432353,3464.4414006538213,1652.4890202517468,1365.5212019303299,1727.8640797317453
2023-11-12,1894.4468881859316,3418.2008607459834,1758.2038064565663,1214.9567749648172,1714.1916696466974
2023-11-13,1735.1376589907898,3461.94671900495,1951.0024441932683,965.4275536707793,1886.4856241402083
2023-11-14,1937.7477198048373,3404.853505834331,1943.0588635807026,1040.4145024381357,1673.9254083419908
2023-11-15,1781.925393225422,3052.740598559426,2120.2385448345167,1197.170726361627,1847.9247370190028
2023-11-16,1537.675300789143,3122.910174401144,2264.176240985053,1299.8559853850818,1775.3822984395736
2023-11-17,1793.1401852827196,3122.910174401144,2083.239855346638,1502.3440308765466,1501.6171642330928
2023-11-18,1943.3856980593516,3081.637805026642,1948.953677047317,1669.6340234282961,1356.3887964383898
2023-11-19,1999.2775162643538,2933.7538119105184,1844.741108022947,1721.339471180854,1500.8880926213226
2023-11-20,2047.8036916656688,3017.7668349428423,1961.3775248891716,1534.1592714488418,1438.892677053472
2023-11-21,283.5769321881255,3017.7668349428423,2113.8477720363962,2029.754641906866,1205.7749830624248
2023-11-22,242.80557004381902,2727.8675418039975,2240.256285104146,2188.4075912781927,1157.7162872279018
2023-11-23,220.88960007133852,3167.611306185965,2923.0607194946006,2207.100672100399,1453.4484774243078
2023-11-24,147.9131363534279,3260.496051028174,3145.7745541800764,1976.3392173794489,1469.4770410588699
2023-11-25,42.14800612627954,3270.774949047842,3285.725054183977,1898.749260281975,1502.602730359923
2023-11-26,-5.194067398406332e-12,3307.216677829958,3376.4974602736247,1834.1491638809994,1482.13669801542
2023-11-27,-156.67485059881287,3469.4388877646484,3328.901625373441,1729.2405730048729,1315.7440632582325
2023-11-28,-230.2310744159187,3510.6640699402737,3296.7947680806387,1729.2405730048729,1231.22582813613
2023-11-29,-372.9969718898432,3586.272207204031,3120.8043547687216,1764.9331752450175,1154.993290892395
2023-11-30,-540.4589277957781,3543.306677816744,3136.9842613974643,1739.61154554498,1039.6385874450423
2023-12-01,-571.3935929490679,3617.089991708602,3267.6861322602485,1704.6409080043813,839.1893750777077
2023-12-02,-559.3431035605003,3857.9753438378248,3257.7779904961476,1607.0888749640737,717.8146871414616
2023-12-03,-635.9662805373702,4215.154811144103,3388.5888377991305,1581.2212887650494,179.0687817543544
2023-12-04,-688.6966259918707,3999.7519499505775,3531.3169248373524,1448.2946745991233,331.9398246210834
2023-12-05,-565.1280656137359,3762.7757859607827,3565.7700987626213,1473.7696362419154,632.5564134209537
2023-12-06,-698.2702794534131,4043.5040923843844,3592.0981292735087,1485.0282680803223,-181.09923080837814
2023-12-07,-791.1572389336679,4054.2979799320406,3509.3967743700437,1581.8539563125064,63.29405045174883
2023-12-08,-886.6246093008405,3603.036261421796,3466.39651699609,1476.1893184386176,567.7532938426646
2023-12-09,-1173.4968396234572,3525.23363444301,2874.3634485987045,1572.241588198566,854.6644891362728
2023-12-10,-975.9313541729293,3423.1513294063584,2805.2690066955565,1632.5690523204594,1163.0792574047048
2023-12-11,-832.0780055270474,3503.2954002400515,3367.5532834930946,2183.664508473432,113.40880226638387
2023-12-12,271.77242692704874,3640.106964267621,3367.5532834930946,2427.245521720474,-294.98765040039166
2023-12-13,1755.7055740047758,2907.144343011243,2669.577222472215,2250.494908419596,-417.07795209216715
2023-12-14,2576.9882515910363,2806.3873585182537,2577.2001415494524,1983.0604006876858,-56.36384765356803
2023-12-15,2459.395307195973,2896.382316805758,2441.867816428821,1924.3114847147738,-278.0430748546704
2023-12-16,2644.466112495773,2919.3453917883157,2470.6762358457954,1818.2530450142667,-147.25921485584468
2023-12-17,2435.2619800300863,2897.1107232950985,2530.0540265505565,1780.256614979879,-357.3166551443752
2023-12-18,2259.3676865158927,2897.1107232950985,2718.5290503954307,2011.3560539649184,-112.9637095154047
2023-12-19,2099.9828494326935,3162.0382853081637,2705.6398092503186,2032.3390560088214,9.094947017729282e-13
2023-12-20,3046.134170704068,2692.906764964924,2193.4474333928115,1930.677359534523,-136.83427140367047
2023-12-21,3711.972806831697,2170.0510646878,1097.5887415193038,2062.809582894733,-957.5778040664652
2023-12-22,3511.1195878702024,1967.6778482486252,1101.4170902564601,1831.3771212293664,-1588.4083523953436
2023-12-23,3511.1195878702024,1898.6361470833128,1247.1738433747396,1788.5058287818563,-1550.898954449338
2023-12-24,3406.0542860173327,1759.7342999749508,1144.2044831975481,1938.4027874023132,-1751.6041434078513
2023-12-25,3575.7086332123167,1831.7393394189544,1207.7764247523307,2067.96425586476,-1316.8113467516348
2023-12-26,3145.6757975913893,1824.3138707178102,1202.8880147423108,2167.8595120911737,-1659.2628048573142
2023-12-27,3379.3963226040332,1921.0368875558038,1016.9675938429267,2024.6492006082062,-1659.2628048573142
2023-12-28,3785.029207561764,1628.2378684468372,1329.2138874690345,1570.698253441824,-1686.8207830805372
2023-12-29,3809.81701484196,1259.738036653755,1252.2065054766974,1754.0422059690673,-1924.1962370585188
2023-12-30,3971.072125669883,990.4312292996005,1212.5422794489787,1681.7659093806114,-2144.1884562009236
2023-12-31,3916.3358356133263,799.1187392189461,1108.2770558356594,1715.4945385005688,-2460.773830831497
